time,v,w
0.10092377662658691,0.0,0.0
0.10198616981506348,0.0,0.0
0.150130033493042,0.0,0.0
0.1512892246246338,0.0,0.0
0.19960904121398926,0.0,0.0
0.20043563842773438,0.0,0.0
0.25025320053100586,0.0,0.0
0.25146913528442383,0.0,0.0
0.3007216453552246,0.0,0.0
0.3024108409881592,0.0,0.0
0.3505232334136963,0.0,0.0
0.35152673721313477,0.0,0.0
0.4002811908721924,0.0,0.0
0.4011518955230713,0.0,0.0
0.44961977005004883,0.0,0.0
0.4504575729370117,0.0,0.0
0.5002472400665283,0.0,0.0
0.5013055801391602,0.0,0.0
0.5496108531951904,0.0,0.0
0.5504720211029053,0.0,0.0
0.6001968383789062,0.0,0.0
0.6016256809234619,0.0,0.0
0.6496734619140625,0.0,0.0
0.6505541801452637,0.0,0.0
0.7002277374267578,0.0,0.0
0.7018063068389893,0.0,0.0
0.7496240139007568,0.0,0.0
0.7504768371582031,0.0,0.0
0.8001985549926758,0.0,0.0
0.8013410568237305,0.0,0.0
0.8495917320251465,0.0,0.0
0.8504390716552734,0.0,0.0
0.9003200531005859,0.0,0.0
0.9013171195983887,0.0,0.0
0.9495697021484375,0.0,0.0
0.9504196643829346,0.0,0.0
1.0001604557037354,0.0,0.0
1.00101900100708,0.0,0.0
1.0495917797088623,0.0,0.0
1.0504436492919922,0.0,0.0
1.100217342376709,0.0,0.0
1.1011664867401123,0.0,0.0
1.1493275165557861,0.0,0.0
1.1501662731170654,0.0,0.0
1.2001452445983887,0.0,0.0
1.2013359069824219,0.0,0.0
1.2496566772460938,0.0,0.0
1.2505214214324951,0.0,0.0
1.3001890182495117,0.0,0.0
1.3015379905700684,0.0,0.0
1.3496031761169434,0.0,0.0
1.3504407405853271,0.0,0.0
1.4001760482788086,0.0,0.0
1.4010388851165771,0.0,0.0
1.4496080875396729,0.0,0.0
1.4504458904266357,0.0,0.0
1.5003211498260498,0.0,0.0
1.5012335777282715,0.0,0.0
1.549609661102295,0.0,0.0
1.5504844188690186,0.0,0.0
1.6001935005187988,0.0,0.0
1.601942777633667,0.0,0.0
1.6496241092681885,0.0,0.0
1.6504700183868408,0.0,0.0
1.7002923488616943,0.0,0.0
1.701209545135498,0.0,0.0
1.7496159076690674,0.0,0.0
1.7504603862762451,0.0,0.0
1.8002393245697021,0.0,0.0
1.802971363067627,0.0,0.0
1.8496313095092773,0.0,0.0
1.8504817485809326,0.0,0.0
1.900223731994629,0.0,0.0
1.901282548904419,0.0,0.0
1.9496123790740967,0.0,0.0
1.9504570960998535,0.0,0.0
2.0001957416534424,0.0,0.0
2.001056432723999,0.0,0.0
2.049637794494629,0.0,0.0
2.0504953861236572,0.0,0.0
2.100515842437744,0.0,0.0
2.1015031337738037,0.0,0.0
2.1496076583862305,0.0,0.0
2.150437116622925,0.0,0.0
2.2001750469207764,0.0,0.0
2.201282262802124,0.0,0.0
2.249661445617676,0.0,0.0
2.250555992126465,0.0,0.0
2.30019211769104,0.0,0.0
2.3010690212249756,0.0,0.0
2.3495819568634033,0.0,0.0
2.350421905517578,0.0,0.0
2.4008798599243164,0.0,0.0
2.4031901359558105,0.0,0.0
2.450422763824463,0.0,0.0
2.4513914585113525,0.0,0.0
2.5003600120544434,0.0,0.0
2.501324415206909,0.0,0.0
2.5496163368225098,0.0,0.0
2.5504841804504395,0.0,0.0
2.6002001762390137,0.0,0.0
2.601412534713745,0.0,0.0
2.6496124267578125,0.0,0.0
2.6504666805267334,0.0,0.0
2.700803518295288,0.0,0.0
2.7029201984405518,0.0,0.0
2.7499237060546875,0.0,0.0
2.7510645389556885,0.0,0.0
2.801905632019043,0.0,0.0
2.8056302070617676,0.0,0.0
2.850806951522827,0.0,0.0
2.8536534309387207,0.0,0.0
2.9004039764404297,0.0,0.0
2.9025535583496094,0.0,0.0
2.9515702724456787,0.0,0.0
2.9539711475372314,0.0,0.0
3.0004401206970215,0.0,0.0
3.001678466796875,0.0,0.0
3.050048828125,0.0,0.0
3.0515716075897217,0.0,0.0
3.1021058559417725,0.0,0.0
3.1050961017608643,0.0,0.0
3.1511404514312744,0.0,0.0
3.153177499771118,0.0,0.0
3.2007243633270264,0.0,0.0
3.2026870250701904,0.0,0.0
3.2508397102355957,0.0,0.0
3.252560615539551,0.0,0.0
3.300471305847168,0.0,0.0
3.302462577819824,0.0,0.0
3.3505170345306396,0.0,0.0
3.3540077209472656,0.0,0.0
3.400876998901367,0.0,0.0
3.402711868286133,0.0,0.0
3.450744152069092,0.0,0.0
3.4523234367370605,0.0,0.0
3.5009937286376953,0.0,0.0
3.5029752254486084,0.0,0.0
3.551119565963745,0.0,0.0
3.5530524253845215,0.0,0.0
3.6013176441192627,0.0,0.0
3.6038811206817627,0.0,0.0
3.6503732204437256,0.0,0.0
3.6519806385040283,0.0,0.0
3.7015507221221924,0.0,0.0
3.70353364944458,0.0,0.0
3.7527804374694824,0.0,0.0
3.753911018371582,0.0,0.0
3.8006348609924316,0.0,0.0
3.8027255535125732,0.0,0.0
3.851450204849243,0.0,0.0
3.8536412715911865,0.0,0.0
3.9010746479034424,0.0,0.0
3.9045886993408203,0.0,0.0
3.951184034347534,0.0,0.0
3.953145980834961,0.0,0.0
4.000342130661011,0.0,0.0
4.001858472824097,0.0,0.0
4.050755500793457,0.0,0.0
4.053935766220093,0.0,0.0
4.101147174835205,0.0,0.0
4.10282301902771,0.0,0.0
4.149949312210083,0.0,0.0
4.151162147521973,0.0,0.0
4.2015955448150635,0.0,0.0
4.204500198364258,0.0,0.0
4.250061750411987,0.0,0.0
4.251273155212402,0.0,0.0
4.301711082458496,0.0,0.0
4.304308891296387,0.0,0.0
4.351533889770508,0.0,0.0
4.353937387466431,0.0,0.0
4.400765895843506,0.0,0.0
4.402589797973633,0.0,0.0
4.450960874557495,0.0,0.0
4.4525017738342285,0.0,0.0
4.500446796417236,0.0,0.0
4.502404689788818,0.0,0.0
4.551478385925293,0.0,0.0
4.553683757781982,0.0,0.0
4.600372314453125,0.0,0.0
4.602171897888184,0.0,0.0
4.6519083976745605,0.0,0.0
4.654057264328003,0.0,0.0
4.700789451599121,0.0,0.0
4.702775239944458,0.0,0.0
4.749983072280884,0.0,0.0
4.751353025436401,0.0,0.0
4.803296804428101,0.0,0.0
4.804930686950684,0.0,0.0
4.850159406661987,0.0,0.0
4.851529121398926,0.0,0.0
4.901527166366577,0.0,0.0
4.9037299156188965,0.0,0.0
4.951669692993164,0.0,0.0
4.954055547714233,0.0,0.0
5.000939846038818,0.0,0.0
5.0051374435424805,0.0,0.0
5.051961660385132,0.0,0.0
5.055002212524414,0.0,0.0
5.101451396942139,0.0,0.0
5.104179382324219,0.0,0.0
5.1499104499816895,0.0,0.0
5.151100158691406,0.0,0.0
5.200948476791382,0.0,0.0
5.2034912109375,0.0,0.0
5.250013828277588,0.0,0.0
5.251255750656128,0.0,0.0
5.301289081573486,0.0,0.0
5.304616928100586,0.0,0.0
5.352033376693726,0.0,0.0
5.355123281478882,0.0,0.0
5.401373624801636,0.0,0.0
5.404075384140015,0.0,0.0
5.451512098312378,0.0,0.0
5.453799247741699,0.0,0.0
5.502202033996582,0.0,0.0
5.505398511886597,0.0,0.0
5.551616907119751,0.0,0.0
5.554704427719116,0.0,0.0
5.600219249725342,0.0,0.0
5.601772785186768,0.0,0.0
5.655458688735962,0.0,0.0
5.658131122589111,0.0,0.0
5.700993061065674,0.0,0.0
5.703035593032837,0.0,0.0
5.750641107559204,0.0,0.0
5.752183198928833,0.0,0.0
5.80097508430481,0.0,0.0
5.803114891052246,0.0,0.0
5.851247072219849,0.0,0.0
5.8534862995147705,0.0,0.0
5.9008872509002686,0.0,0.0
5.9033966064453125,0.0,0.0
5.9515111446380615,0.0,0.0
5.953259229660034,0.0,0.0
6.000351428985596,0.0,0.0
6.002309322357178,0.0,0.0
6.052581310272217,0.0,0.0
6.055085897445679,0.0,0.0
6.1012067794799805,0.0,0.0
6.103576183319092,0.0,0.0
6.15019679069519,0.0,0.0
6.151632308959961,0.0,0.0
6.200357437133789,0.0,0.0
6.201787948608398,0.0,0.0
6.250298261642456,0.0,0.0
6.251791954040527,0.0,0.0
6.300387620925903,0.0,0.0
6.301559209823608,0.0,0.0
6.350343227386475,0.0,0.0
6.352301359176636,0.0,0.0
6.400409936904907,0.0,0.0
6.401554346084595,0.0,0.0
6.452572822570801,0.0,0.0
6.454381465911865,0.0,0.0
6.500185012817383,0.0,0.0
6.502117872238159,0.0,0.0
6.549625635147095,0.0,0.0
6.5504889488220215,0.0,0.0
6.600470542907715,0.0,0.0
6.6023406982421875,0.0,0.0
6.649560451507568,0.0,0.0
6.650403738021851,0.0,0.0
6.700178146362305,0.0,0.0
6.701495170593262,0.0,0.0
6.74958348274231,0.0,0.0
6.75042462348938,0.0,0.0
6.800215244293213,0.0,0.0
6.801093339920044,0.0,0.0
6.849611759185791,0.0,0.0
6.850463151931763,0.0,0.0
6.900332450866699,0.0,0.0
6.901376008987427,0.0,0.0
6.949620723724365,0.0,0.0
6.95045804977417,0.0,0.0
7.000285387039185,0.0,0.0
7.001343727111816,0.0,0.0
7.049636363983154,0.0,0.0
7.050488233566284,0.0,0.0
7.10024619102478,0.0,0.0
7.101419687271118,0.0,0.0
7.149611711502075,0.0,0.0
7.15044641494751,0.0,0.0
7.200254201889038,0.0,0.0
7.201866626739502,0.0,0.0
7.250682592391968,0.0,0.0
7.252785921096802,0.0,0.0
7.300261735916138,0.0,0.0
7.301267623901367,0.0,0.0
7.349581718444824,0.0,0.0
7.350428819656372,0.0,0.0
7.400227308273315,0.0,0.0
7.401169776916504,0.0,0.0
7.449564456939697,0.0,0.0
7.450403213500977,0.0,0.0
7.500099182128906,0.0,0.0
7.50096869468689,0.0,0.0
7.549614906311035,0.0,0.0
7.550808668136597,0.0,0.0
7.600269556045532,0.0,0.0
7.601162672042847,0.0,0.0
7.649571180343628,0.0,0.0
7.650407791137695,0.0,0.0
7.700242280960083,0.0,0.0
7.7013866901397705,0.0,0.0
7.74957275390625,0.0,0.0
7.750406265258789,0.0,0.0
7.800272703170776,0.0,0.0
7.8021440505981445,0.0,0.0
7.8498499393463135,0.0,0.0
7.850806713104248,0.0,0.0
7.900735139846802,0.0,0.0
7.902471303939819,0.0,0.0
7.9495813846588135,0.0,0.0
7.950424671173096,0.0,0.0
8.000257968902588,0.0,0.0
8.001160383224487,0.0,0.0
8.049587726593018,0.0,0.0
8.05042576789856,0.0,0.0
8.100208044052124,0.0,0.0
8.10112452507019,0.0,0.0
8.149572849273682,0.0,0.0
8.150448322296143,0.0,0.0
8.200243711471558,0.0,0.0
8.20130205154419,0.0,0.0
8.249826431274414,0.0,0.0
8.25066328048706,0.0,0.0
8.300233602523804,0.0,0.0
8.30120038986206,0.0,0.0
8.349588632583618,0.0,0.0
8.350436687469482,0.0,0.0
8.400222063064575,0.0,0.0
8.401417970657349,0.0,0.0
8.450057029724121,0.0,0.0
8.451584100723267,0.0,0.0
8.500196933746338,0.0,0.0
8.501179695129395,0.0,0.0
8.549569845199585,0.0,0.0
8.55042314529419,0.0,0.0
8.60133957862854,0.0,0.0
8.602606058120728,0.0,0.0
8.649834871292114,0.0,0.0
8.65077543258667,0.0,0.0
8.700769662857056,0.0,0.0
8.702410697937012,0.0,0.0
8.749736785888672,0.0,0.0
8.750704526901245,0.0,0.0
8.800583600997925,0.0,0.0
8.801696062088013,0.0,0.0
8.849709510803223,0.0,0.0
8.85068964958191,0.0,0.0
8.901036739349365,0.0,0.0
8.9027578830719,0.0,0.0
8.95078182220459,0.0,0.0
8.951885223388672,0.0,0.0
9.000617742538452,0.0,0.0
9.00183391571045,0.0,0.0
9.049692630767822,0.0,0.0
9.050702333450317,0.0,0.0
9.100664138793945,0.0,0.0
9.101676940917969,0.0,0.0
9.149688243865967,0.0,0.0
9.150493144989014,0.0,0.0
9.201257944107056,0.0,0.0
9.205167770385742,0.0,0.0
9.252924680709839,0.0,0.0
9.254551410675049,0.0,0.0
9.3005051612854,0.0,0.0
9.302372455596924,0.0,0.0
9.349730730056763,0.0,0.0
9.35097861289978,0.0,0.0
9.400664567947388,0.0,0.0
9.401957988739014,0.0,0.0
9.449791193008423,0.0,0.0
9.450921058654785,0.0,0.0
9.500725507736206,0.0,0.0
9.502134323120117,0.0,0.0
9.549733877182007,0.0,0.0
9.55075216293335,0.0,0.0
9.60057020187378,0.0,0.0
9.607477903366089,0.0,0.0
9.64981985092163,0.0,0.0
9.650928735733032,0.0,0.0
9.699708938598633,0.0,0.0
9.700666427612305,0.0,0.0
9.753485441207886,0.0,0.0
9.756941795349121,0.0,0.0
9.801080465316772,0.0,0.0
9.804608821868896,0.0,0.0
9.851646423339844,0.0,0.0
9.85325574874878,0.0,0.0
9.901333332061768,0.0,0.0
9.902522087097168,0.0,0.0
9.95102334022522,0.0,0.0
9.952594757080078,0.0,0.0
9.999789714813232,0.0,0.0
10.00074553489685,0.0,0.0
10.050238847732544,0.0,0.0
10.051178932189941,0.0,0.0
10.099584817886353,0.0,0.0
10.100434303283691,0.0,0.0
10.150143146514893,0.0,0.0
10.151306390762329,0.0,0.0
10.200716733932495,0.0,0.0
10.201989889144897,0.0,0.0
10.250551462173462,0.0,0.0
10.251448392868042,0.0,0.0
10.300315141677856,0.0,0.0
10.301229000091553,0.0,0.0
10.349576711654663,0.0,0.0
10.350442886352539,0.0,0.0
10.400057554244995,0.0,0.0
10.401521444320679,0.0,0.0
10.449577331542969,0.0,0.0
10.450417518615723,0.0,0.0
10.500223398208618,0.0,0.0
10.501243352890015,0.0,0.0
10.549567699432373,0.0,0.0
10.5503990650177,0.0,0.0
10.600206851959229,0.0,0.0
10.60135269165039,0.0,0.0
10.649580717086792,0.0,0.0
10.650424480438232,0.0,0.0
10.700199127197266,0.0,0.0
10.701149702072144,0.0,0.0
10.749570369720459,0.0,0.0
10.75041675567627,0.0,0.0
10.800184488296509,0.0,0.0
10.801148176193237,0.0,0.0
10.850637435913086,0.0,0.0
10.8523690700531,0.0,0.0
10.90057897567749,0.0,0.0
10.901999950408936,0.0,0.0
10.950841665267944,0.0,0.0
10.952469110488892,0.0,0.0
11.114628553390503,0.0,0.0
11.115532398223877,0.0,0.0
11.149637699127197,0.0,0.0
11.150570631027222,0.0,0.0
11.200170993804932,0.0,0.0
11.2017183303833,0.0,0.0
11.250837802886963,0.0,0.0
11.252915859222412,0.0,0.0
11.299639463424683,0.0,0.0
11.300530672073364,0.0,0.0
11.350189447402954,0.0,0.0
11.351222515106201,0.0,0.0
11.399613857269287,0.0,0.0
11.400498867034912,0.0,0.0
11.450173616409302,0.0,0.0
11.451386451721191,0.0,0.0
11.499646425247192,0.0,0.0
11.50053596496582,0.0,0.0
11.55008840560913,0.0,0.0
11.55105185508728,0.0,0.0
11.600239038467407,0.0,0.0
11.60121488571167,0.0,0.0
11.650137662887573,0.0,0.0
11.651641607284546,0.0,0.0
11.700285196304321,0.0,0.0
11.701251983642578,0.0,0.0
11.749610424041748,0.0,0.0
11.750526428222656,0.0,0.0
11.80017352104187,0.0,0.0
11.80110478401184,0.0,0.0
11.850152015686035,0.0,0.0
11.852041482925415,0.0,0.0
11.900835275650024,0.0,0.0
11.901947259902954,0.0,0.0
11.949596405029297,0.0,0.0
11.950533866882324,0.0,0.0
12.000267744064331,0.0,0.0
12.001245498657227,0.0,0.0
12.049931526184082,0.0,0.0
12.051060676574707,0.0,0.0
12.100247859954834,0.0,0.0
12.101297855377197,0.0,0.0
12.149758577346802,0.0,0.0
12.150615930557251,0.0,0.0
12.200724363327026,0.0,0.0
12.20232605934143,0.0,0.0
12.252588033676147,0.0,0.0
12.254459381103516,0.0,0.0
12.300220251083374,0.0,0.0
12.301337480545044,0.0,0.0
12.349626541137695,0.0,0.0
12.35048222541809,0.0,0.0
12.400300025939941,0.0,0.0
12.401252031326294,0.0,0.0
12.449626684188843,0.0,0.0
12.450471878051758,0.0,0.0
12.500280618667603,0.0,0.0
12.501270532608032,0.0,0.0
12.549608707427979,0.0,0.0
12.550465106964111,0.0,0.0
12.600257158279419,0.0,0.0
12.601413011550903,0.0,0.0
12.649614572525024,0.0,0.0
12.650471925735474,0.0,0.0
12.700204372406006,0.0,0.0
12.701087951660156,0.0,0.0
12.749617338180542,0.0,0.0
12.750473976135254,0.0,0.0
12.800227403640747,0.0,0.0
12.802239656448364,0.0,0.0
12.850007772445679,0.0,0.0
12.851270914077759,0.0,0.0
12.901112794876099,0.0,0.0
12.902939319610596,0.0,0.0
12.949739456176758,0.0,0.0
12.950677394866943,0.0,0.0
13.000598669052124,0.0,0.0
13.001908779144287,0.0,0.0
13.049667835235596,0.0,0.0
13.050528049468994,0.0,0.0
13.100120782852173,0.0,0.0
13.100994110107422,0.0,0.0
13.149223327636719,0.0,0.0
13.151231527328491,0.0,0.0
13.20036506652832,0.0,0.0
13.201277732849121,0.0,0.0
13.249633073806763,0.0,0.0
13.250492811203003,0.0,0.0
13.300589323043823,0.0,0.0
13.302402257919312,0.0,0.0
13.34964919090271,0.0,0.0
13.350516080856323,0.0,0.0
13.400232315063477,0.0,0.0
13.402696132659912,0.0,0.0
13.449630975723267,0.0,0.0
13.450493574142456,0.0,0.0
13.500197172164917,0.0,0.0
13.501920461654663,0.0,0.0
13.549617290496826,0.0,0.0
13.550475120544434,0.0,0.0
13.600242376327515,0.0,0.0
13.601873874664307,0.0,0.0
13.64961290359497,0.0,0.0
13.650466442108154,0.0,0.0
13.700210571289062,0.0,0.0
13.702248573303223,0.0,0.0
13.74960994720459,0.0,0.0
13.750459432601929,0.0,0.0
13.800349950790405,0.0,0.0
13.80122184753418,0.0,0.0
13.85016942024231,0.0,0.0
13.851893424987793,0.0,0.0
13.900750398635864,0.0,0.0
13.901960611343384,0.0,0.0
13.949618339538574,0.0,0.0
13.950467586517334,0.0,0.0
14.000320434570312,0.0,0.0
14.002442359924316,0.0,0.0
14.051473617553711,0.0,0.0
14.053430795669556,0.0,0.0
14.100139141082764,0.0,0.0
14.101115942001343,0.0,0.0
14.149710178375244,0.0,0.0
14.150634050369263,0.0,0.0
14.200162887573242,0.0,0.0
14.201037883758545,0.0,0.0
14.249855756759644,0.0,0.0
14.25070834159851,0.0,0.0
14.30025839805603,0.0,0.0
14.301289558410645,0.0,0.0
14.34962010383606,0.0,0.0
14.350503921508789,0.0,0.0
14.400352001190186,0.0,0.0
14.401228904724121,0.0,0.0
14.449615001678467,0.0,0.0
14.450464487075806,0.0,0.0
14.50017786026001,0.0,0.0
14.5013427734375,0.0,0.0
14.549627304077148,0.0,0.0
14.550471782684326,0.0,0.0
14.600174903869629,0.0,0.0
14.601634502410889,0.0,0.0
14.649664402008057,0.0,0.0
14.650518417358398,0.0,0.0
14.700367450714111,0.0,0.0
14.701872110366821,0.0,0.0
14.749617576599121,0.0,0.0
14.750455617904663,0.0,0.0
14.800212144851685,0.0,0.0
14.801323175430298,0.0,0.0
14.850223779678345,0.0,0.0
14.85195279121399,0.0,0.0
14.90118956565857,0.0,0.0
14.90238881111145,0.0,0.0
14.95032525062561,0.0,0.0
14.951729774475098,0.0,0.0
15.000743865966797,0.0,0.0
15.00259780883789,0.0,0.0
15.05022668838501,0.0,0.0
15.051602840423584,0.0,0.0
15.099624872207642,0.0,0.0
15.100775003433228,0.0,0.0
15.150217533111572,0.0,0.0
15.151321411132812,0.0,0.0
15.20017409324646,0.0,0.0
15.201464414596558,0.0,0.0
15.251460313796997,0.0,0.0
15.25335431098938,0.0,0.0
15.299659967422485,0.0,0.0
15.300513982772827,0.0,0.0
15.350166320800781,0.0,0.0
15.351297616958618,0.0,0.0
15.399655103683472,0.0,0.0
15.400524139404297,0.0,0.0
15.45013427734375,0.0,0.0
15.45104432106018,0.0,0.0
15.500114917755127,0.0,0.0
15.502346754074097,0.0,0.0
15.550552368164062,0.0,0.0
15.552123308181763,0.0,0.0
15.599589586257935,0.0,0.0
15.600505828857422,0.0,0.0
15.650089025497437,0.0,0.0
15.651010513305664,0.0,0.0
15.699599027633667,0.0,0.0
15.700449228286743,0.0,0.0
15.75064492225647,0.0,0.0
15.751701593399048,0.0,0.0
15.799968242645264,0.0,0.0
15.800806283950806,0.0,0.0
15.850223779678345,0.0,0.0
15.85135269165039,0.0,0.0
15.899646043777466,0.0,0.0
15.900597333908081,0.0,0.0
15.952936172485352,0.0,0.0
15.95546007156372,0.0,0.0
16.00080108642578,0.0,0.0
16.002743244171143,0.0,0.0
16.049877882003784,0.0,0.0
16.051056385040283,0.0,0.0
16.102760553359985,0.0,0.0
16.10544490814209,0.0,0.0
16.15011239051819,0.0,0.0
16.151397943496704,0.0,0.0
16.20117950439453,0.0,0.0
16.203160285949707,0.0,0.0
16.251251935958862,0.0,0.0
16.25341534614563,0.0,0.0
16.30195927619934,0.0,0.0
16.303886651992798,0.0,0.0
16.351367235183716,0.0,0.0
16.352901458740234,0.0,0.0
16.400893688201904,0.0,0.0
16.403147220611572,0.0,0.0
16.450684070587158,0.0,0.0
16.4525089263916,0.0,0.0
16.501028299331665,0.0,0.0
16.502676725387573,0.0,0.0
16.55171823501587,0.0,0.0
16.554155111312866,0.0,0.0
16.600935459136963,0.0,0.0
16.602899074554443,0.0,0.0
16.651055812835693,0.0,0.0
16.6532461643219,0.0,0.0
16.701528787612915,0.0,0.0
16.703826904296875,0.0,0.0
16.751320838928223,0.0,0.0
16.753542184829712,0.0,0.0
16.800153732299805,0.0,0.0
16.801412343978882,0.0,0.0
16.851654052734375,0.0,0.0
16.853114366531372,0.0,0.0
16.89984440803528,0.0,0.0
16.90085768699646,0.0,0.0
16.95033550262451,0.0,0.0
16.951984167099,0.0,0.0
17.001567840576172,0.0,0.0
17.004913806915283,0.0,0.0
17.04970121383667,0.0,0.0
17.050538301467896,0.0,0.0
17.100313425064087,0.0,0.0
17.101544857025146,0.0,0.0
17.149622678756714,0.0,0.0
17.15043544769287,0.0,0.0
17.200303077697754,0.0,0.0
17.201162815093994,0.0,0.0
17.249865293502808,0.0,0.0
17.250699996948242,0.0,0.0
17.300196170806885,0.0,0.0
17.301055908203125,0.0,0.0
17.349636793136597,0.0,0.0
17.35050654411316,0.0,0.0
17.4003643989563,0.0,0.0
17.401283025741577,0.0,0.0
17.44961404800415,0.0,0.0
17.4504497051239,0.0,0.0
17.500246286392212,0.0,0.0
17.501317739486694,0.0,0.0
17.54958987236023,0.0,0.0
17.55046820640564,0.0,0.0
17.6002094745636,0.0,0.0
17.602184772491455,0.0,0.0
17.649630546569824,0.0,0.0
17.650470733642578,0.0,0.0
17.700206756591797,0.0,0.0
17.701338291168213,0.0,0.0
17.749616861343384,0.0,0.0
17.750452518463135,0.0,0.0
17.800324201583862,0.0,0.0
17.80149555206299,0.0,0.0
17.85066533088684,0.0,0.0
17.85263228416443,0.0,0.0
17.90091347694397,0.0,0.0
17.902082443237305,0.0,0.0
17.94986891746521,0.0,0.0
17.95097780227661,0.0,0.0
18.000279903411865,0.0,0.0
18.001699924468994,0.0,0.0
18.049582481384277,0.0,0.0
18.050456285476685,0.0,0.0
18.100181579589844,0.0,0.0
18.101593494415283,0.0,0.0
18.149609804153442,0.0,0.0
18.150529146194458,0.0,0.0
18.200244188308716,0.0,0.0
18.20199418067932,0.0,0.0
18.25010061264038,0.0,0.0
18.251612901687622,0.0,0.0
18.300238370895386,0.0,0.0
18.301281213760376,0.0,0.0
18.350337028503418,0.0,0.0
18.351847648620605,0.0,0.0
18.402338981628418,0.0,0.0
18.406264305114746,0.0,0.0
18.450294971466064,0.0,0.0
18.45175576210022,0.0,0.0
18.50078535079956,0.0,0.0
18.502053022384644,0.0,0.0
18.55134654045105,0.0,0.0
18.553809642791748,0.0,0.0
18.60234785079956,0.0,0.0
18.60429358482361,0.0,0.0
18.650612354278564,0.0,0.0
18.652244806289673,0.0,0.0
18.700234413146973,0.0,0.0
18.703423738479614,0.0,0.0
18.750375509262085,0.0,0.0
18.751982927322388,0.0,0.0
18.80130672454834,0.0,0.0
18.80332589149475,0.0,0.0
18.85034441947937,0.0,0.0
18.851874113082886,0.0,0.0
18.90074610710144,0.0,0.0
18.901684045791626,0.0,0.0
18.949708223342896,0.0,0.0
18.95062780380249,0.0,0.0
19.00044322013855,0.0,0.0
19.001347303390503,0.0,0.0
19.049630880355835,0.0,0.0
19.050483465194702,0.0,0.0
19.10031294822693,0.0,0.0
19.102031707763672,0.0,0.0
19.150328636169434,0.0,0.0
19.15172505378723,0.0,0.0
19.200294733047485,0.0,0.0
19.201406002044678,0.0,0.0
19.25072932243347,0.0,0.0
19.252269506454468,0.0,0.0
19.300297737121582,0.0,0.0
19.301737070083618,0.0,0.0
19.349695682525635,0.0,0.0
19.350560188293457,0.0,0.0
19.40018057823181,0.0,0.0
19.402220726013184,0.0,0.0
19.449615716934204,0.0,0.0
19.450450658798218,0.0,0.0
19.50123620033264,0.0,0.0
19.503334760665894,0.0,0.0
19.54964780807495,0.0,0.0
19.55052638053894,0.0,0.0
19.600387573242188,0.0,0.0
19.602248668670654,0.0,0.0
19.650146961212158,0.0,0.0
19.651584148406982,0.0,0.0
19.70161509513855,0.0,0.0
19.70456337928772,0.0,0.0
19.750194787979126,0.0,0.0
19.75173282623291,0.0,0.0
19.80077815055847,0.0,0.0
19.80216932296753,0.0,0.0
19.850070238113403,0.0,0.0
19.851844787597656,0.0,0.0
19.90130114555359,0.0,0.0
19.902973890304565,0.0,0.0
19.94972324371338,0.0,0.0
19.950976371765137,0.0,0.0
20.000107049942017,0.0,0.0
20.000972032546997,0.0,0.0
20.04962730407715,0.0,0.0
20.0504789352417,0.0,0.0
20.100307941436768,0.0,0.0
20.101553678512573,0.0,0.0
20.149625062942505,0.0,0.0
20.150521278381348,0.0,0.0
20.200233697891235,0.0,0.0
20.20149278640747,0.0,0.0
20.24957799911499,0.0,0.0
20.25055766105652,0.0,0.0
20.300247192382812,0.0,0.0
20.30141282081604,0.0,0.0
20.34965443611145,0.0,0.0
20.35058856010437,0.0,0.0
20.40029239654541,0.0,0.0
20.40145516395569,0.0,0.0
20.45068120956421,0.0,0.0
20.452280282974243,0.0,0.0
20.5003662109375,0.0,0.0
20.501245498657227,0.0,0.0
20.549612998962402,0.0,0.0
20.550533533096313,0.0,0.0
20.602148056030273,0.0,0.0
20.603495597839355,0.0,0.0
20.65020227432251,0.0,0.0
20.651586532592773,0.0,0.0
20.69981598854065,0.0,0.0
20.701003074645996,0.0,0.0
20.755113124847412,0.0,0.0
20.756397247314453,0.0,0.0
20.80176281929016,0.0,0.0
20.80434012413025,0.0,0.0
20.850334882736206,0.0,0.0
20.852118015289307,0.0,0.0
20.900752305984497,0.0,0.0
20.903261184692383,0.0,0.0
20.949800968170166,0.0,0.0
20.950833797454834,0.0,0.0
21.000260591506958,0.0,0.0
21.001325607299805,0.0,0.0
21.049561023712158,0.0,0.0
21.050448179244995,0.0,0.0
21.1001398563385,0.0,0.0
21.101378202438354,0.0,0.0
21.149643182754517,0.0,0.0
21.150559902191162,0.0,0.0
21.20024609565735,0.0,0.0
21.201283931732178,0.0,0.0
21.24986696243286,0.0,0.0
21.250751495361328,0.0,0.0
21.300122022628784,0.0,0.0
21.301047801971436,0.0,0.0
21.349626064300537,0.0,0.0
21.350687742233276,0.0,0.0
21.400158882141113,0.0,0.0
21.401782751083374,0.0,0.0
21.4495792388916,0.0,0.0
21.450451850891113,0.0,0.0
21.50009036064148,0.0,0.0
21.501028060913086,0.0,0.0
21.54962468147278,0.0,0.0
21.550535917282104,0.0,0.0
21.600248098373413,0.0,0.0
21.60119915008545,0.0,0.0
21.64957046508789,0.0,0.0
21.650492906570435,0.0,0.0
21.70021104812622,0.0,0.0
21.701242208480835,0.0,0.0
21.74957275390625,0.0,0.0
21.750486850738525,0.0,0.0
21.79991579055786,0.0,0.0
21.80096459388733,0.0,0.0
21.85356307029724,0.0,0.0
21.85963487625122,0.0,0.0
21.905118703842163,0.0,0.0
21.90699791908264,0.0,0.0
21.952258825302124,0.0,0.0
21.95602011680603,0.0,0.0
22.003411531448364,0.0,0.0
22.007927417755127,0.0,0.0
22.054554224014282,0.0,0.0
22.056387901306152,0.0,0.0
22.103305101394653,0.0,0.0
22.10725498199463,0.0,0.0
22.15041470527649,0.0,0.0
22.152081966400146,0.0,0.0
22.19991397857666,0.0,0.0
22.200806379318237,0.0,0.0
22.250648736953735,0.0,0.0
22.25457501411438,0.0,0.0
22.29968547821045,0.0,0.0
22.30048418045044,0.0,0.0
22.35044550895691,0.0,0.0
22.35580086708069,0.0,0.0
22.400658130645752,0.0,0.0
22.401585578918457,0.0,0.0
22.450836181640625,0.0,0.0
22.454494953155518,0.0,0.0
22.50078821182251,0.0,0.0
22.50326895713806,0.0,0.0
22.550343990325928,0.0,0.0
22.55242133140564,0.0,0.0
22.600552082061768,0.0,0.0
22.602519035339355,0.0,0.0
22.649676084518433,0.0,0.0
22.650632619857788,0.0,0.0
22.700575828552246,0.0,0.0
22.702316284179688,0.0,0.0
22.749714851379395,0.0,0.0
22.750702142715454,0.0,0.0
22.800848960876465,0.0,0.0
22.80264115333557,0.0,0.0
22.849534273147583,0.0,0.0
22.850403547286987,0.0,0.0
22.901171922683716,0.0,0.0
22.90302848815918,0.0,0.0
22.949939727783203,0.0,0.0
22.95106863975525,0.0,0.0
23.00083041191101,0.0,0.0
23.002561330795288,0.0,0.0
23.05106830596924,0.0,0.0
23.05223536491394,0.0,0.0
23.101178884506226,0.0,0.0
23.103695154190063,0.0,0.0
23.151909112930298,0.0,0.0
23.15399932861328,0.0,0.0
23.20099949836731,0.0,0.0
23.202643156051636,0.0,0.0
23.250656604766846,0.0,0.0
23.251721620559692,0.0,0.0
23.300861358642578,0.0,0.0
23.303181648254395,0.0,0.0
23.349724531173706,0.0,0.0
23.350782871246338,0.0,0.0
23.40063190460205,0.0,0.0
23.40207529067993,0.0,0.0
23.449987649917603,0.0,0.0
23.450989961624146,0.0,0.0
23.501042127609253,0.0,0.0
23.50279951095581,0.0,0.0
23.552208423614502,0.0,0.0
23.553233861923218,0.0,0.0
23.601226091384888,0.0,0.0
23.602612495422363,0.0,0.0
23.64959955215454,0.0,0.0
23.650447607040405,0.0,0.0
23.704282999038696,0.0,0.0
23.706786394119263,0.0,0.0
23.749725818634033,0.0,0.0
23.75059175491333,0.0,0.0
23.801793336868286,0.0,0.0
23.811662912368774,0.0,0.0
23.853022575378418,0.0,0.0
23.85813546180725,0.0,0.0
23.90058135986328,0.0,0.0
23.901804208755493,0.0,0.0
23.949920415878296,0.0,0.0
23.950730323791504,0.0,0.0
24.00059175491333,0.0,0.0
24.00152826309204,0.0,0.0
24.04961133003235,0.0,0.0
24.050451278686523,0.0,0.0
24.100261211395264,0.0,0.0
24.101290941238403,0.0,0.0
24.14962387084961,0.0,0.0
24.15046501159668,0.0,0.0
24.20015811920166,0.0,0.0
24.201713800430298,0.0,0.0
24.249621868133545,0.0,0.0
24.250449895858765,0.0,0.0
24.300066232681274,0.0,0.0
24.30155062675476,0.0,0.0
24.3496150970459,0.0,0.0
24.35046362876892,0.0,0.0
24.40025234222412,0.0,0.0
24.401700496673584,0.0,0.0
24.449635982513428,0.0,0.0
24.450475215911865,0.0,0.0
24.501518726348877,0.0,0.0
24.50264072418213,0.0,0.0
24.549701929092407,0.0,0.0
24.5505530834198,0.0,0.0
24.600226163864136,0.0,0.0
24.601308345794678,0.0,0.0
24.649612188339233,0.0,0.0
24.6504487991333,0.0,0.0
24.70028066635132,0.0,0.0
24.701151609420776,0.0,0.0
24.749792337417603,0.0,0.0
24.750734090805054,0.0,0.0
24.8003089427948,0.0,0.0
24.801933526992798,0.0,0.0
24.850321292877197,0.0,0.0
24.85203266143799,0.0,0.0
24.900970220565796,0.0,0.0
24.90303325653076,0.0,0.0
24.951998472213745,0.0,0.0
24.952938318252563,0.0,0.0
25.000358819961548,0.15,0.0
25.049643754959106,0.15,0.0
25.10035490989685,0.15,0.0
25.149635076522827,0.15,0.0
25.200144290924072,0.15,0.0
25.249862670898438,0.15,0.0
25.3003249168396,0.15,0.0
25.34962272644043,0.15,0.0
25.400214195251465,0.15,0.0
25.44965887069702,0.15,0.0
25.500208377838135,0.15,0.0
25.549592971801758,0.15,0.0
25.600639820098877,0.15,0.0
25.649587869644165,0.15,0.0
25.700363159179688,0.15,0.0
25.749598503112793,0.15,0.0
25.800168752670288,0.15,0.0
25.850833654403687,0.15,0.0
25.9010066986084,0.15,0.0
25.949605226516724,0.15,0.0
26.000245571136475,0.15,0.0
26.0506751537323,0.15,0.0
26.100221633911133,0.15,0.0
26.14957308769226,0.15,0.0
26.20022439956665,0.15,0.0
26.249876022338867,0.15,0.0
26.300259828567505,0.15,0.0
26.34958815574646,0.15,0.0
26.400243282318115,0.15,0.0
26.449637174606323,0.15,0.0
26.5004825592041,0.15,0.0
26.5497465133667,0.15,0.0
26.600205898284912,0.15,0.0
26.64961862564087,0.15,0.0
26.700218439102173,0.15,0.0
26.749587774276733,0.15,0.0
26.80015754699707,0.15,0.0
26.849624395370483,0.15,0.0
26.901886701583862,0.15,0.0
26.95014977455139,0.15,0.0
27.0006263256073,0.15,0.0
27.051435947418213,0.15,0.0
27.101291179656982,0.15,0.0
27.152043104171753,0.15,0.0
27.200201272964478,0.15,0.0
27.25063419342041,0.15,0.0
27.300773859024048,0.15,0.0
27.349605798721313,0.15,0.0
27.400588035583496,0.15,0.0
27.449812412261963,0.15,0.0
27.50050663948059,0.15,0.0
27.549747705459595,0.15,0.0
27.60047197341919,0.15,0.0
27.649738788604736,0.15,0.0
27.700466871261597,0.15,0.0
27.749738693237305,0.15,0.0
27.800529718399048,0.15,0.0
27.850423336029053,0.15,0.0
27.902262449264526,0.15,0.0
27.952126502990723,0.15,0.0
28.00029420852661,0.15,0.0
28.0495662689209,0.15,0.0
28.100114583969116,0.15,0.0
28.149622201919556,0.15,0.0
28.20011329650879,0.15,0.0
28.249611854553223,0.15,0.0
28.300219535827637,0.15,0.0
28.349570989608765,0.15,0.0
28.400224447250366,0.15,0.0
28.44969391822815,0.15,0.0
28.500710010528564,0.15,0.0
28.54962706565857,0.15,0.0
28.600371599197388,0.15,0.0
28.649619102478027,0.15,0.0
28.700190544128418,0.15,0.0
28.749664068222046,0.15,0.0
28.80023169517517,0.15,0.0
28.85020112991333,0.15,0.0
28.900980472564697,0.15,0.0
28.949928283691406,0.15,0.0
29.000242471694946,0.15,0.0
29.04965901374817,0.15,0.0
29.100325107574463,0.15,0.0
29.149604320526123,0.15,0.0
29.200221300125122,0.15,0.0
29.2496600151062,0.15,0.0
29.30012083053589,0.15,0.0
29.349616765975952,0.15,0.0
29.40036940574646,0.15,0.0
29.44961452484131,0.15,0.0
29.50030493736267,0.15,0.0
29.549612760543823,0.15,0.0
29.6003737449646,0.15,0.0
29.649662733078003,0.15,0.0
29.700311422348022,0.15,0.0
29.749385356903076,0.15,0.0
29.80016851425171,0.15,0.0
29.850639820098877,0.15,0.0
29.90077543258667,0.15,0.0
29.949726819992065,0.15,0.0
30.000221252441406,0.15,0.0
30.04960298538208,0.15,0.0
30.100184440612793,0.15,0.0
30.14959478378296,0.15,0.0
30.200324058532715,0.15,0.0
30.24964714050293,0.15,0.0
30.30008864402771,0.15,0.0
30.349579095840454,0.15,0.0
30.40014386177063,0.15,0.0
30.449579000473022,0.15,0.0
30.50030493736267,0.15,0.0
30.549588203430176,0.15,0.0
30.60031247138977,0.15,0.0
30.649604320526123,0.15,0.0
30.70014762878418,0.15,0.0
30.74960160255432,0.15,0.0
30.800308227539062,0.15,0.0
30.850154638290405,0.15,0.0
30.90201187133789,0.15,0.0
30.950201749801636,0.15,0.0
30.999637126922607,0.15,0.0
31.050148725509644,0.15,0.0
31.100350379943848,0.15,0.0
31.150599718093872,0.15,0.0
31.200217247009277,0.15,0.0
31.249635219573975,0.15,0.0
31.300298929214478,0.15,0.0
31.349634885787964,0.15,0.0
31.400484800338745,0.15,0.0
31.450958728790283,0.15,0.0
31.50031042098999,0.15,0.0
31.5495765209198,0.15,0.0
31.600438833236694,0.15,0.0
31.649606227874756,0.15,0.0
31.700191736221313,0.15,0.0
31.749748945236206,0.15,0.0
31.800487756729126,0.15,0.0
31.850387573242188,0.15,0.0
31.900840520858765,0.15,0.0
31.94975709915161,0.15,0.0
32.00073003768921,0.15,0.0
32.050294637680054,0.15,0.0
32.09968042373657,0.15,0.0
32.150222301483154,0.15,0.0
32.20029830932617,0.15,0.0
32.251266956329346,0.15,0.0
32.301228523254395,0.15,0.0
32.350345849990845,0.15,0.0
32.4021098613739,0.15,0.0
32.45172834396362,0.15,0.0
32.50006675720215,0.15,0.0
32.55115580558777,0.15,0.0
32.60208511352539,0.15,0.0
32.65190124511719,0.15,0.0
32.70160508155823,0.15,0.0
32.751012086868286,0.15,0.0
32.80000901222229,0.15,0.0
32.85080027580261,0.15,0.0
32.9026083946228,0.15,0.0
32.9520902633667,0.15,0.0
33.00038433074951,0.15,0.0
33.05056834220886,0.15,0.0
33.099618434906006,0.15,0.0
33.15019154548645,0.15,0.0
33.199627161026,0.15,0.0
33.25023889541626,0.15,0.0
33.299604415893555,0.15,0.0
33.35005855560303,0.15,0.0
33.40026640892029,0.15,0.0
33.450711250305176,0.15,0.0
33.49960279464722,0.15,0.0
33.55027961730957,0.15,0.0
33.599695682525635,0.15,0.0
33.650209188461304,0.15,0.0
33.700228214263916,0.15,0.0
33.75090312957764,0.15,0.0
33.800292015075684,0.15,0.0
33.851654291152954,0.15,0.0
33.900675773620605,0.15,0.0
33.94998788833618,0.15,0.0
34.000707149505615,0.15,0.0
34.0496461391449,0.15,0.0
34.10028076171875,0.15,0.0
34.14964699745178,0.15,0.0
34.200706005096436,0.15,0.0
34.24987745285034,0.15,0.0
34.30050492286682,0.15,0.0
34.34960651397705,0.15,0.0
34.4002525806427,0.15,0.0
34.44963836669922,0.15,0.0
34.50013732910156,0.15,0.0
34.54969501495361,0.15,0.0
34.600502729415894,0.15,0.0
34.64990997314453,0.15,0.0
34.70029973983765,0.15,0.0
34.74963068962097,0.15,0.0
34.80037713050842,0.15,0.0
34.8507924079895,0.15,0.0
34.90105199813843,0.15,0.0
34.95020365715027,0.15,0.0
34.99975609779358,0.15,0.0
35.05150818824768,0.15,0.0
35.10092568397522,0.15,0.0
35.1497962474823,0.15,0.0
35.20065259933472,0.15,0.0
35.249629497528076,0.15,0.0
35.30030131340027,0.15,0.0
35.349634647369385,0.15,0.0
35.400200605392456,0.15,0.0
35.44961881637573,0.15,0.0
35.5001962184906,0.15,0.0
35.54964804649353,0.15,0.0
35.600351333618164,0.15,0.0
35.64959526062012,0.15,0.0
35.700329542160034,0.15,0.0
35.7495858669281,0.15,0.0
35.80033802986145,0.15,0.0
35.85073137283325,0.15,0.0
35.901204347610474,0.15,0.0
35.949748516082764,0.15,0.0
36.00023174285889,0.15,0.0
36.049599409103394,0.15,0.0
36.100075483322144,0.15,0.0
36.149595975875854,0.15,0.0
36.200284242630005,0.15,0.0
36.24964118003845,0.15,0.0
36.30022668838501,0.15,0.0
36.349661350250244,0.15,0.0
36.40021204948425,0.15,0.0
36.44966721534729,0.15,0.0
36.50029754638672,0.15,0.0
36.54960918426514,0.15,0.0
36.600250005722046,0.15,0.0
36.64961314201355,0.15,0.0
36.70026922225952,0.15,0.0
36.74960470199585,0.15,0.0
36.80014705657959,0.15,0.0
36.850651264190674,0.15,0.0
36.90073370933533,0.15,0.0
36.949678897857666,0.15,0.0
37.00206279754639,0.15,0.0
37.05038404464722,0.15,0.0
37.099605321884155,0.15,0.0
37.1500039100647,0.15,0.0
37.19960856437683,0.15,0.0
37.25020432472229,0.15,0.0
37.30025386810303,0.15,0.0
37.35054135322571,0.15,0.0
37.39959788322449,0.15,0.0
37.45003962516785,0.15,0.0
37.49960446357727,0.15,0.0
37.55003070831299,0.15,0.0
37.599613666534424,0.15,0.0
37.650152921676636,0.15,0.0
37.700196981430054,0.15,0.0
37.74937176704407,0.2571428571428571,0.0
37.80069136619568,0.2571428571428571,0.0
37.85112738609314,0.2571428571428571,0.0
37.90193223953247,0.2571428571428571,0.0
37.95045447349548,0.2571428571428571,0.0
38.00035619735718,0.2571428571428571,0.0
38.052769899368286,0.2571428571428571,0.0
38.101197242736816,0.2571428571428571,0.0
38.150556325912476,0.2571428571428571,0.0
38.20186138153076,0.2571428571428571,0.0
38.25177359580994,0.2571428571428571,0.0
38.304680824279785,0.2571428571428571,0.0
38.35049891471863,0.2571428571428571,0.0
38.40014934539795,0.2571428571428571,0.0
38.45063066482544,0.2571428571428571,0.0
38.49960112571716,0.2571428571428571,0.0
38.55106520652771,0.2571428571428571,0.0
38.60058259963989,0.2571428571428571,0.0
38.65202283859253,0.2571428571428571,0.0
38.700127601623535,0.2571428571428571,0.0
38.75122785568237,0.2571428571428571,0.0
38.800538539886475,0.2571428571428571,0.0
38.851608991622925,0.2571428571428571,0.0
38.899959564208984,0.2571428571428571,0.0
38.95123744010925,0.2571428571428571,0.0
39.00179576873779,0.2571428571428571,0.0
39.050798654556274,0.2571428571428571,0.0
39.10012364387512,0.2571428571428571,0.0
39.15069913864136,0.2571428571428571,0.0
39.200796604156494,0.2571428571428571,0.0
39.250004291534424,0.2571428571428571,0.0
39.30073595046997,0.2571428571428571,0.0
39.3495876789093,0.2571428571428571,0.0
39.39957356452942,0.2571428571428571,0.0
39.449543476104736,0.2571428571428571,0.0
39.499579191207886,0.2571428571428571,0.0
39.54966187477112,0.2571428571428571,0.0
39.60054278373718,0.2571428571428571,0.0
39.64960050582886,0.2571428571428571,0.0
39.69957256317139,0.2571428571428571,0.0
39.74951505661011,0.2571428571428571,0.0
39.79957127571106,0.2571428571428571,0.0
39.85012888908386,0.2571428571428571,0.0
39.90035367012024,0.2571428571428571,0.0
39.95153760910034,0.2571428571428571,0.0
40.00082063674927,0.2571428571428571,0.0
40.05027437210083,0.2571428571428571,0.0
40.09994983673096,0.2571428571428571,0.0
40.14987897872925,0.2571428571428571,0.0
40.2006254196167,0.2571428571428571,0.0
40.249850034713745,0.2571428571428571,0.0
40.29998302459717,0.2571428571428571,0.0
40.35050368309021,0.2571428571428571,0.0
40.3995885848999,0.2571428571428571,0.0
40.44982838630676,0.2571428571428571,0.0
40.50037503242493,0.2571428571428571,0.0
40.54954767227173,0.2571428571428571,0.0
40.60032391548157,0.2571428571428571,0.0
40.65013098716736,0.2571428571428571,0.0
40.699586629867554,0.2571428571428571,0.0
40.74998998641968,0.2571428571428571,0.0
40.800009965896606,0.2571428571428571,0.0
40.849609375,0.2571428571428571,0.0
40.902565002441406,0.2571428571428571,0.0
40.953335762023926,0.2571428571428571,0.0
41.000476121902466,0.2571428571428571,0.0
41.04963994026184,0.2571428571428571,0.0
41.10003352165222,0.2571428571428571,0.0
41.15014672279358,0.2571428571428571,0.0
41.19962501525879,0.2571428571428571,0.0
41.24956011772156,0.2571428571428571,0.0
41.30013585090637,0.2571428571428571,0.0
41.34957718849182,0.2571428571428571,0.0
41.399895668029785,0.2571428571428571,0.0
41.450162410736084,0.2571428571428571,0.0
41.49956393241882,0.2571428571428571,0.0
41.54971623420715,0.2571428571428571,0.0
41.60080695152283,0.2571428571428571,0.0
41.64976263046265,0.2571428571428571,0.0
41.69952440261841,0.2571428571428571,0.0
41.750481843948364,0.2571428571428571,0.0
41.79957723617554,0.2571428571428571,0.0
41.84956884384155,0.2571428571428571,0.0
41.90203928947449,0.2571428571428571,0.0
41.95104718208313,0.2571428571428571,0.0
42.003445863723755,0.2571428571428571,0.0
42.050697326660156,0.2571428571428571,0.0
42.09972596168518,0.2571428571428571,0.0
42.14955449104309,0.2571428571428571,0.0
42.199586629867554,0.2571428571428571,0.0
42.24956679344177,0.2571428571428571,0.0
42.30136704444885,0.2571428571428571,0.0
42.349679946899414,0.2571428571428571,0.0
42.39955735206604,0.2571428571428571,0.0
42.44954586029053,0.2571428571428571,0.0
42.499571561813354,0.2571428571428571,0.0
42.54949617385864,0.2571428571428571,0.0
42.60063934326172,0.2571428571428571,0.0
42.649573802948,0.2571428571428571,0.0
42.69958209991455,0.2571428571428571,0.0
42.74952721595764,0.2571428571428571,0.0
42.799561738967896,0.2571428571428571,0.0
42.849552631378174,0.2571428571428571,0.0
42.90179753303528,0.2571428571428571,0.0
42.9520366191864,0.2571428571428571,0.0
43.00066661834717,0.2571428571428571,0.0
43.05419731140137,0.2571428571428571,0.0
43.10097599029541,0.2571428571428571,0.0
43.1495578289032,0.2571428571428571,0.0
43.20053052902222,0.2571428571428571,0.0
43.25197887420654,0.2571428571428571,0.0
43.30062532424927,0.2571428571428571,0.0
43.35184574127197,0.2571428571428571,0.0
43.40012216567993,0.2571428571428571,0.0
43.450002908706665,0.2571428571428571,0.0
43.50020623207092,0.2571428571428571,0.0
43.550681591033936,0.2571428571428571,0.0
43.601404905319214,0.2571428571428571,0.0
43.650980949401855,0.2571428571428571,0.0
43.700133085250854,0.2571428571428571,0.0
43.750224113464355,0.2571428571428571,0.0
43.800312995910645,0.2571428571428571,0.0
43.85193085670471,0.2571428571428571,0.0
43.900694370269775,0.2571428571428571,0.0
43.95292043685913,0.2571428571428571,0.0
44.00296902656555,0.2571428571428571,0.0
44.050116539001465,0.2571428571428571,0.0
44.099727630615234,0.2571428571428571,0.0
44.14998412132263,0.2571428571428571,0.0
44.200315713882446,0.2571428571428571,0.0
44.249608755111694,0.2571428571428571,0.0
44.30127429962158,0.2571428571428571,0.0
44.34958457946777,0.2571428571428571,0.0
44.39958953857422,0.2571428571428571,0.0
44.44939827919006,0.2571428571428571,0.0
44.50062394142151,0.2571428571428571,0.0
44.549559354782104,0.2571428571428571,0.0
44.600372314453125,0.2571428571428571,0.0
44.65024399757385,0.2571428571428571,0.0
44.699575901031494,0.2571428571428571,0.0
44.749950647354126,0.2571428571428571,0.0
44.80045485496521,0.2571428571428571,0.0
44.84956693649292,0.2571428571428571,0.0
44.90045404434204,0.2571428571428571,0.0
44.95047473907471,0.2571428571428571,0.0
45.00141406059265,0.2571428571428571,0.0
45.05072093009949,0.2571428571428571,0.0
45.10139060020447,0.2571428571428571,0.0
45.14963459968567,0.2571428571428571,0.0
45.20090365409851,0.2571428571428571,0.0
45.24962520599365,0.2571428571428571,0.0
45.29965162277222,0.2571428571428571,0.0
45.350321769714355,0.2571428571428571,0.0
45.400503158569336,0.2571428571428571,0.0
45.44956374168396,0.2571428571428571,0.0
45.49955987930298,0.2571428571428571,0.0
45.54953742027283,0.2571428571428571,0.0
45.60092306137085,0.2571428571428571,0.0
45.64978384971619,0.2571428571428571,0.0
45.700095415115356,0.2571428571428571,0.0
45.74953556060791,0.2571428571428571,0.0
45.79956078529358,0.2571428571428571,0.0
45.84960389137268,0.2571428571428571,0.0
45.89962673187256,0.2571428571428571,0.0
45.95080542564392,0.2571428571428571,0.0
46.00129008293152,0.2571428571428571,0.0
46.05445456504822,0.2571428571428571,0.0
46.09966564178467,0.2571428571428571,0.0
46.14961242675781,0.2571428571428571,0.0
46.20129203796387,0.2571428571428571,0.0
46.249910831451416,0.2571428571428571,0.0
46.29952669143677,0.2571428571428571,0.0
46.35102725028992,0.2571428571428571,0.0
46.39958691596985,0.2571428571428571,0.0
46.449535846710205,0.2571428571428571,0.0
46.49956679344177,0.2571428571428571,0.0
46.549522161483765,0.2571428571428571,0.0
46.6023211479187,0.2571428571428571,0.0
46.65026617050171,0.2571428571428571,0.0
46.699790716171265,0.2571428571428571,0.0
46.749560832977295,0.2571428571428571,0.0
46.799564838409424,0.2571428571428571,0.0
46.84960985183716,0.2571428571428571,0.0
46.90022277832031,0.2571428571428571,0.0
46.95064401626587,0.2571428571428571,0.0
47.00165057182312,0.2571428571428571,0.0
47.050418853759766,0.2571428571428571,0.0
47.0996196269989,0.2571428571428571,0.0
47.149574518203735,0.2571428571428571,0.0
47.201730489730835,0.2571428571428571,0.0
47.249674558639526,0.2571428571428571,0.0
47.29957413673401,0.2571428571428571,0.0
47.34955620765686,0.2571428571428571,0.0
47.399601221084595,0.2571428571428571,0.0
47.44951367378235,0.2571428571428571,0.0
47.49968695640564,0.2571428571428571,0.0
47.55044341087341,0.2571428571428571,0.0
47.601157903671265,0.2571428571428571,0.0
47.649582862854004,0.2571428571428571,0.0
47.6995804309845,0.2571428571428571,0.0
47.74950098991394,0.2571428571428571,0.0
47.799811363220215,0.2571428571428571,0.0
47.850430727005005,0.2571428571428571,0.0
47.90254592895508,0.2571428571428571,0.0
47.95327830314636,0.2571428571428571,0.0
48.00315809249878,0.2571428571428571,0.0
48.04979729652405,0.2571428571428571,0.0
48.09960436820984,0.2571428571428571,0.0
48.14928317070007,0.2571428571428571,0.0
48.20120048522949,0.2571428571428571,0.0
48.2496440410614,0.2571428571428571,0.0
48.29958534240723,0.2571428571428571,0.0
48.349524974823,0.2571428571428571,0.0
48.399588108062744,0.2571428571428571,0.0
48.450013637542725,0.2571428571428571,0.0
48.50045394897461,0.2571428571428571,0.0
48.54973530769348,0.2571428571428571,0.0
48.599692583084106,0.2571428571428571,0.0
48.64966416358948,0.2571428571428571,0.0
48.69967222213745,0.2571428571428571,0.0
48.74935507774353,0.2571428571428571,0.0
48.801029443740845,0.2571428571428571,0.0
48.84962058067322,0.2571428571428571,0.0
48.900264263153076,0.2571428571428571,0.0
48.95353889465332,0.2571428571428571,0.0
49.001084327697754,0.2571428571428571,0.0
49.053746938705444,0.2571428571428571,0.0
49.101019620895386,0.24642857142857144,0.0
49.14990448951721,0.24642857142857144,0.0
49.20046639442444,0.24642857142857144,0.0
49.25025701522827,0.24642857142857144,0.0
49.30024242401123,0.24642857142857144,0.0
49.352126359939575,0.24642857142857144,0.0
49.40075945854187,0.24642857142857144,0.0
49.450448751449585,0.24642857142857144,0.0
49.50122308731079,0.24642857142857144,0.0
49.55015182495117,0.24642857142857144,0.0
49.60010313987732,0.24642857142857144,0.0
49.65196394920349,0.24642857142857144,0.0
49.70031476020813,0.24642857142857144,0.0
49.75021195411682,0.24642857142857144,0.0
49.8002393245697,0.24642857142857144,0.0
49.85040545463562,0.24642857142857144,0.0
49.901527643203735,0.24642857142857144,0.0
49.951475620269775,0.24642857142857144,0.0
50.0018744468689,0.24642857142857144,0.0
50.053382873535156,0.24642857142857144,0.0
50.10005521774292,0.24642857142857144,0.0
50.15045428276062,0.24642857142857144,0.0
50.20045804977417,0.24642857142857144,0.0
50.250582695007324,0.24642857142857144,0.0
50.30045199394226,0.24642857142857144,0.0
50.34961915016174,0.24642857142857144,0.0
50.40020704269409,0.24642857142857144,0.0
50.44963836669922,0.24642857142857144,0.0
50.5002338886261,0.24642857142857144,0.0
50.54961895942688,0.24642857142857144,0.0
50.60019874572754,0.24642857142857144,0.0
50.64963674545288,0.24642857142857144,0.0
50.700236797332764,0.24642857142857144,0.0
50.74935460090637,0.31,0.0
50.800145626068115,0.31,0.0
50.850672483444214,0.31,0.0
50.90115165710449,0.31,0.0
50.949591636657715,0.31,0.0
51.000345945358276,0.31,0.0
51.04971361160278,0.31,0.0
51.10009837150574,0.31,0.0
51.14957046508789,0.31,0.0
51.200119972229004,0.31,0.0
51.249905586242676,0.31,0.0
51.30032300949097,0.31,0.0
51.349595069885254,0.31,0.0
51.400331020355225,0.33999999999999997,0.0
51.44953393936157,0.31,0.0
51.500065326690674,0.31,0.0
51.54959177970886,0.31,0.0
51.60070538520813,0.31,0.0
51.64956855773926,0.31,0.0
51.70004224777222,0.31,0.0
51.74958252906799,0.31,0.0
51.80008316040039,0.31,0.0
51.85061860084534,0.31,0.0
51.901310205459595,0.31,0.0
51.95065665245056,0.31,0.0
52.00024366378784,0.31,0.0
52.05057501792908,0.31,0.0
52.10007643699646,0.35,0.0
52.15028762817383,0.31999999999999995,0.0
52.20042634010315,0.31999999999999995,0.0
52.25059199333191,0.31999999999999995,0.0
52.299562215805054,0.31999999999999995,0.0
52.35011124610901,0.31999999999999995,0.0
52.39960980415344,0.31999999999999995,0.0
52.450215101242065,0.31999999999999995,0.0
52.500386476516724,0.31999999999999995,0.0
52.55066990852356,0.31999999999999995,0.0
52.600305795669556,0.31999999999999995,0.0
52.64955949783325,0.31999999999999995,0.0
52.700247287750244,0.31999999999999995,0.0
52.74960231781006,0.31999999999999995,0.0
52.800291299819946,0.31999999999999995,0.0
52.851067781448364,0.35,0.0
52.90056800842285,0.31999999999999995,0.0
52.94976878166199,0.31999999999999995,0.0
53.00041341781616,0.31999999999999995,0.0
53.05016589164734,0.31999999999999995,0.0
53.099618911743164,0.31999999999999995,0.0
53.150484561920166,0.31999999999999995,0.0
53.200257778167725,0.31999999999999995,0.0
53.25018763542175,0.31999999999999995,0.0
53.30028033256531,0.31999999999999995,0.0
53.34958529472351,0.31999999999999995,0.0
53.40024161338806,0.31999999999999995,0.0
53.449622631073,0.31999999999999995,0.0
53.50047540664673,0.35,0.0
53.54959177970886,0.31999999999999995,0.0
53.60024356842041,0.31999999999999995,0.0
53.649614095687866,0.31999999999999995,0.0
53.70030999183655,0.31999999999999995,0.0
53.74960112571716,0.31999999999999995,0.0
53.8003408908844,0.31999999999999995,0.0
53.85006546974182,0.31999999999999995,0.0
53.9011504650116,0.31999999999999995,0.0
53.95056772232056,0.31999999999999995,0.0
54.00027918815613,0.31999999999999995,0.0
54.04962778091431,0.31999999999999995,0.0
54.100077629089355,0.31999999999999995,0.0
54.14926600456238,0.2476470588235294,0.0
54.20028901100159,0.2476470588235294,0.0
54.249632835388184,0.2476470588235294,0.0
54.300240993499756,0.2476470588235294,0.0
54.35093450546265,0.2476470588235294,0.0
54.40569567680359,0.2476470588235294,0.0
54.45063352584839,0.2476470588235294,0.0
54.502646684646606,0.23588235294117643,0.0
54.551490783691406,0.23588235294117643,0.0
54.60026407241821,0.23588235294117643,0.0
54.651514530181885,0.23588235294117643,0.0
54.70211863517761,0.23588235294117643,0.0
54.750545263290405,0.23588235294117643,0.0
54.80034923553467,0.23588235294117643,0.0
54.85259008407593,0.23588235294117643,0.0
54.9008264541626,0.23176470588235298,0.0
54.95068097114563,0.23176470588235298,0.0
55.00135779380798,0.23176470588235298,0.0
55.05323362350464,0.23176470588235298,0.0
55.10242938995361,0.23176470588235298,0.0
55.1507728099823,0.23176470588235298,0.0
55.20291495323181,0.23176470588235298,0.0
55.250725984573364,0.23176470588235298,0.0
55.30216455459595,0.23176470588235298,0.0
55.351290702819824,0.23176470588235298,0.0
55.40219449996948,0.23176470588235298,0.0
55.45023059844971,0.23176470588235298,0.0
55.501580238342285,0.23176470588235298,0.0
55.550727128982544,0.23176470588235298,0.0
55.59959840774536,0.23176470588235298,0.0
55.64951848983765,0.23176470588235298,0.0
55.69959545135498,0.23176470588235298,0.0
55.74945950508118,0.23176470588235298,0.0
55.799962282180786,0.23176470588235298,0.0
55.84971070289612,0.23176470588235298,0.0
55.900245666503906,0.23176470588235298,0.0
55.95326232910156,0.23176470588235298,0.0
56.00074791908264,0.23176470588235298,0.0
56.05139660835266,0.23176470588235298,0.0
56.10049247741699,0.23176470588235298,0.0
56.1513397693634,0.23176470588235298,0.0
56.19964814186096,0.23176470588235298,0.0
56.24953079223633,0.23176470588235298,0.0
56.29954957962036,0.23176470588235298,0.0
56.34950375556946,0.23176470588235298,0.0
56.39968419075012,0.23176470588235298,0.0
56.450528621673584,0.23176470588235298,0.0
56.49981236457825,0.23176470588235298,0.0
56.551220655441284,0.23176470588235298,0.0
56.59960126876831,0.23176470588235298,0.0
56.649539947509766,0.23176470588235298,0.0
56.699713468551636,0.23176470588235298,0.0
56.75024056434631,0.23176470588235298,0.0
56.80107665061951,0.23176470588235298,0.0
56.85030698776245,0.23176470588235298,0.0
56.90028500556946,0.23176470588235298,0.0
56.954548358917236,0.23176470588235298,0.0
57.00175714492798,0.23176470588235298,0.0
57.05483531951904,0.23176470588235298,0.0
57.099764823913574,0.23176470588235298,0.0
57.15169548988342,0.23176470588235298,0.0
57.19964361190796,0.23176470588235298,0.0
57.24954867362976,0.23176470588235298,0.0
57.29958701133728,0.23176470588235298,0.0
57.349936723709106,0.23176470588235298,0.0
57.40045118331909,0.23176470588235298,0.0
57.449522495269775,0.23176470588235298,0.0
57.50087213516235,0.23176470588235298,0.0
57.54957056045532,0.23176470588235298,0.0
57.59959602355957,0.23176470588235298,0.0
57.649582386016846,0.23176470588235298,0.0
57.70034861564636,0.23176470588235298,0.0
57.74956560134888,0.23176470588235298,0.0
57.80096507072449,0.23176470588235298,0.0
57.84964108467102,0.23176470588235298,0.0
57.89987802505493,0.23176470588235298,0.0
57.952104568481445,0.23176470588235298,0.0
57.99982023239136,0.23176470588235298,0.0
58.04984211921692,0.23176470588235298,0.0
58.09964966773987,0.23176470588235298,0.0
58.14965057373047,0.23176470588235298,0.0
58.19965386390686,0.23176470588235298,0.0
58.2500114440918,0.23176470588235298,0.0
58.3005256652832,0.23176470588235298,0.0
58.34954571723938,0.23176470588235298,0.0
58.39959168434143,0.23176470588235298,0.0
58.449511766433716,0.23176470588235298,0.0
58.50031518936157,0.23176470588235298,0.0
58.549296379089355,0.23176470588235298,0.0
58.600468158721924,0.23176470588235298,0.0
58.64956307411194,0.23176470588235298,0.0
58.69961452484131,0.23176470588235298,0.0
58.74952244758606,0.23176470588235298,0.0
58.80024290084839,0.23176470588235298,0.0
58.84934210777283,0.23176470588235298,0.0
58.90141224861145,0.23176470588235298,0.0
58.95025682449341,0.23176470588235298,0.0
59.00141739845276,0.23176470588235298,0.0
59.05321931838989,0.23176470588235298,0.0
59.100745677948,0.23176470588235298,0.0
59.14989733695984,0.23176470588235298,0.0
59.200355768203735,0.23176470588235298,0.0
59.249613761901855,0.23176470588235298,0.0
59.29957389831543,0.23176470588235298,0.0
59.34948420524597,0.23176470588235298,0.0
59.4002902507782,0.23176470588235298,0.0
59.44964289665222,0.23176470588235298,0.0
59.49975109100342,0.23176470588235298,0.0
59.55096435546875,0.23176470588235298,0.0
59.59958815574646,0.23176470588235298,0.0
59.649574279785156,0.23176470588235298,0.0
59.69957709312439,0.23176470588235298,0.0
59.74948334693909,0.23176470588235298,0.0
59.80106019973755,0.23176470588235298,0.0
59.84966778755188,0.23176470588235298,0.0
59.902690172195435,0.23176470588235298,0.0
59.95190620422363,0.23176470588235298,0.0
60.001089572906494,0.23176470588235298,0.0
60.0496609210968,0.23176470588235298,0.0
60.101264238357544,0.23176470588235298,0.0
60.15071225166321,0.23176470588235298,0.0
60.20040416717529,0.23176470588235298,0.0
60.250202894210815,0.23176470588235298,0.0
60.30017852783203,0.23176470588235298,0.0
60.350334882736206,0.23176470588235298,0.0
60.40227198600769,0.23176470588235298,0.0
60.45103693008423,0.23176470588235298,0.0
60.500154972076416,0.23176470588235298,0.0
60.54951500892639,0.23176470588235298,0.0
60.599549770355225,0.23176470588235298,0.0
60.649569511413574,0.23176470588235298,0.0
60.69982695579529,0.23176470588235298,0.0
60.750420570373535,0.23176470588235298,0.0
60.79972505569458,0.23176470588235298,0.0
60.850303649902344,0.23176470588235298,0.0
60.90075325965881,0.23176470588235298,0.0
60.9497287273407,0.23176470588235298,0.0
61.00072717666626,0.23176470588235298,0.0
61.05076313018799,0.23176470588235298,0.0
61.09974765777588,0.23176470588235298,0.0
61.14955687522888,0.23176470588235298,0.0
61.19954967498779,0.23176470588235298,0.0
61.24953556060791,0.23176470588235298,0.0
61.29939675331116,0.23176470588235298,0.0
61.350541830062866,0.23176470588235298,0.0
61.40127611160278,0.23176470588235298,0.0
61.44979119300842,0.23176470588235298,0.0
61.499592781066895,0.23176470588235298,0.0
61.54950833320618,0.23176470588235298,0.0
61.59965920448303,0.23176470588235298,0.0
61.65034079551697,0.23176470588235298,0.0
61.69959378242493,0.23176470588235298,0.0
61.74949860572815,0.23176470588235298,0.0
61.80026721954346,0.23176470588235298,0.0
61.85040736198425,0.23176470588235298,0.0
61.901310205459595,0.23176470588235298,0.0
61.950029134750366,0.23176470588235298,0.0
62.002071142196655,0.23176470588235298,0.0
62.05036902427673,0.23176470588235298,0.0
62.10015153884888,0.23176470588235298,0.0
62.14969253540039,0.23176470588235298,0.0
62.19954299926758,0.23176470588235298,0.0
62.250075340270996,0.23176470588235298,0.0
62.30063724517822,0.23176470588235298,0.0
62.34953260421753,0.23176470588235298,0.0
62.40083336830139,0.23176470588235298,0.0
62.44956636428833,0.23176470588235298,0.0
62.4995698928833,0.23176470588235298,0.0
62.549880027770996,0.23176470588235298,0.0
62.6003634929657,0.23176470588235298,0.0
62.64958477020264,0.23176470588235298,0.0
62.70080327987671,0.23176470588235298,0.0
62.750160217285156,0.23176470588235298,0.0
62.799564838409424,0.23176470588235298,0.0
62.85000419616699,0.23176470588235298,0.0
62.9007351398468,0.23176470588235298,0.0
62.95038294792175,0.23176470588235298,0.0
63.001904010772705,0.23176470588235298,0.0
63.049654722213745,0.23176470588235298,0.0
63.10064077377319,0.23176470588235298,0.0
63.150386333465576,0.23176470588235298,0.0
63.19998383522034,0.23176470588235298,0.0
63.249817848205566,0.23176470588235298,0.0
63.299580097198486,0.23176470588235298,0.0
63.349475383758545,0.23176470588235298,0.0
63.40035676956177,0.23176470588235298,0.0
63.44922614097595,0.23176470588235298,0.0
63.5002977848053,0.23176470588235298,0.0
63.54962086677551,0.23176470588235298,0.0
63.5995717048645,0.23176470588235298,0.0
63.64948344230652,0.23176470588235298,0.0
63.70027542114258,0.23176470588235298,0.0
63.74934768676758,0.23176470588235298,0.0
63.800376892089844,0.23176470588235298,0.0
63.849549531936646,0.23176470588235298,0.0
63.90047287940979,0.23176470588235298,0.0
63.951446533203125,0.23176470588235298,0.0
64.0004243850708,0.23176470588235298,0.0
64.05318808555603,0.23176470588235298,0.0
64.10092043876648,0.23176470588235298,0.0
64.15162682533264,0.23176470588235298,0.0
64.19961190223694,0.23176470588235298,0.0
64.2498300075531,0.23176470588235298,0.0
64.29958891868591,0.23176470588235298,0.0
64.3494930267334,0.23176470588235298,0.0
64.40186548233032,0.23176470588235298,0.0
64.44978952407837,0.23176470588235298,0.0
64.49960327148438,0.23176470588235298,0.0
64.54952692985535,0.23176470588235298,0.0
64.59960103034973,0.23176470588235298,0.0
64.6495521068573,0.23176470588235298,0.0
64.70101547241211,0.23176470588235298,0.0
64.74963283538818,0.23176470588235298,0.0
64.7995707988739,0.23176470588235298,0.0
64.84961557388306,0.23176470588235298,0.0
64.90099143981934,0.23176470588235298,0.0
64.95224022865295,0.23176470588235298,0.0
65.00021576881409,0.23176470588235298,0.0
65.0555272102356,0.23176470588235298,0.0
65.10084080696106,0.23176470588235298,0.0
65.14969754219055,0.23176470588235298,0.0
65.19955682754517,0.23176470588235298,0.0
65.24980807304382,0.23176470588235298,0.0
65.29938125610352,0.23176470588235298,0.0
65.3502905368805,0.23176470588235298,0.0
65.4003803730011,0.23176470588235298,0.0
65.45057964324951,0.23176470588235298,0.0
65.49957776069641,0.23176470588235298,0.0
65.55027651786804,0.23176470588235298,0.0
65.60359334945679,0.23176470588235298,0.0
65.65054631233215,0.23176470588235298,0.0
65.70114541053772,0.23176470588235298,0.0
65.74999237060547,0.23176470588235298,0.0
65.79999876022339,0.23176470588235298,0.0
65.85020184516907,0.23176470588235298,0.0
65.90072131156921,0.23176470588235298,0.0
65.95212078094482,0.23176470588235298,0.0
66.00119471549988,0.23176470588235298,0.0
66.04960060119629,0.23176470588235298,0.0
66.09961175918579,0.23176470588235298,0.0
66.14955449104309,0.23176470588235298,0.0
66.19957137107849,0.23176470588235298,0.0
66.24993848800659,0.22176470588235297,0.0
66.30091261863708,0.22176470588235297,0.0
66.34953498840332,0.22176470588235297,0.0
66.39975309371948,0.22176470588235297,0.0
66.44958066940308,0.22176470588235297,0.0
66.49958157539368,0.22176470588235297,0.0
66.55027079582214,0.211764705882353,0.0
66.60055947303772,0.211764705882353,0.0
66.6495590209961,0.211764705882353,0.0
66.69967603683472,0.211764705882353,0.0
66.74957275390625,0.211764705882353,0.0
66.79957866668701,0.211764705882353,0.0
66.84924578666687,0.2694117647058824,0.0
66.90016508102417,0.2694117647058824,0.0
66.95165729522705,0.2694117647058824,0.0
67.00174474716187,0.2694117647058824,0.0
67.05252122879028,0.2694117647058824,0.0
67.09971499443054,0.2694117647058824,0.0
67.149817943573,0.2994117647058824,0.0
67.20051956176758,0.2994117647058824,0.0
67.24959206581116,0.2994117647058824,0.0
67.29957747459412,0.2994117647058824,0.0
67.34951949119568,0.2994117647058824,0.0
67.399653673172,0.2994117647058824,0.0
67.449791431427,0.3076470588235294,0.0
67.50042867660522,0.3076470588235294,0.0
67.54953670501709,0.3076470588235294,0.0
67.59956359863281,0.3076470588235294,0.0
67.64955592155457,0.3076470588235294,0.0
67.70016169548035,0.3076470588235294,0.0
67.7498369216919,0.2941176470588235,0.0
67.80046701431274,0.2941176470588235,0.0
67.84978365898132,0.2941176470588235,0.0
67.90195798873901,0.2941176470588235,0.0
67.95301938056946,0.2941176470588235,0.0
67.99966788291931,0.2941176470588235,0.0
68.05067658424377,0.2941176470588235,0.0
68.10198330879211,0.2941176470588235,0.0
68.14956712722778,0.2941176470588235,0.0
68.19956684112549,0.2941176470588235,0.0
68.24956727027893,0.2941176470588235,0.0
68.29959654808044,0.2941176470588235,0.0
68.34967756271362,0.2941176470588235,0.0
68.40028238296509,0.2941176470588235,0.0
68.4495804309845,0.2941176470588235,0.0
68.4995665550232,0.2941176470588235,0.0
68.54954481124878,0.2941176470588235,0.0
68.59955787658691,0.2941176470588235,0.0
68.64956569671631,0.2941176470588235,0.0
68.70010685920715,0.29,0.0
68.74955153465271,0.29,0.0
68.79956364631653,0.29,0.0
68.84960627555847,0.29,0.0
68.90090727806091,0.29,0.0
68.95233178138733,0.29,0.0
69.00206446647644,0.29,0.0
69.05016469955444,0.29,0.0
69.09963488578796,0.29,0.0
69.14953589439392,0.29,0.0
69.19956183433533,0.29,0.0
69.24956011772156,0.29,0.0
69.29997730255127,0.29,0.0
69.34957957267761,0.29,0.0
69.39955425262451,0.29,0.0
69.44952154159546,0.29,0.0
69.49954199790955,0.29,0.0
69.54950165748596,0.29,0.0
69.59969830513,0.29,0.0
69.65043616294861,0.29,0.0
69.69954538345337,0.29,0.0
69.7495641708374,0.29,0.0
69.79955410957336,0.29,0.0
69.84956765174866,0.29,0.0
69.9018042087555,0.29,0.0
69.95288109779358,0.29,0.0
70.00162625312805,0.29,0.0
70.05080890655518,0.29,0.0
70.09960770606995,0.29,0.0
70.14954376220703,0.29,0.0
70.19939017295837,0.29,0.0
70.25097155570984,0.29,0.0
70.29971671104431,0.29,0.0
70.3495683670044,0.29,0.0
70.39955830574036,0.29,0.0
70.44949197769165,0.29,0.0
70.49940657615662,0.29,0.0
70.55032777786255,0.29,0.0
70.59954738616943,0.29,0.0
70.64952731132507,0.29,0.0
70.69963693618774,0.29,0.0
70.74953508377075,0.29,0.0
70.79974603652954,0.29,0.0
70.85006070137024,0.29,0.0
70.90048861503601,0.29,0.0
70.95048880577087,0.29,0.0
71.00053787231445,0.29,0.0
71.05046153068542,0.29,0.0
71.10012483596802,0.29,0.0
71.1500186920166,0.29,0.0
71.19959163665771,0.29,0.0
71.24981331825256,0.29,0.0
71.29973268508911,0.29,0.0
71.34962868690491,0.29,0.0
71.39947199821472,0.29,0.0
71.45005798339844,0.29,0.0
71.49970388412476,0.29,0.0
71.54963207244873,0.29,0.0
71.59955263137817,0.29,0.0
71.64958190917969,0.29,0.0
71.70026803016663,0.29,0.0
71.7495653629303,0.29,0.0
71.79955506324768,0.29,0.0
71.84954643249512,0.29,0.0
71.90060782432556,0.29,0.0
71.95116066932678,0.29,0.0
72.00091743469238,0.29,0.0
72.05031824111938,0.29,0.0
72.10074710845947,0.2841176470588235,0.0
72.14958357810974,0.278235294117647,0.0
72.20056247711182,0.278235294117647,0.0
72.24960589408875,0.278235294117647,0.0
72.30073308944702,0.278235294117647,0.0
72.34957814216614,0.278235294117647,0.0
72.40031480789185,0.278235294117647,0.0
72.44962167739868,0.278235294117647,0.0
72.50033259391785,0.278235294117647,0.0
72.5495822429657,0.278235294117647,0.0
72.60006475448608,0.278235294117647,0.0
72.65106439590454,0.278235294117647,0.0
72.70003747940063,0.278235294117647,0.0
72.74943971633911,0.2605882352941177,0.0
72.8002097606659,0.2605882352941177,0.0
72.85022616386414,0.2605882352941177,0.0
72.9005057811737,0.2605882352941177,0.0
72.95024609565735,0.2605882352941177,0.0
73.0005431175232,0.2605882352941177,0.0
73.05049419403076,0.2605882352941177,0.0
73.10032439231873,0.2605882352941177,0.0
73.15023398399353,0.2605882352941177,0.0
73.20027279853821,0.2605882352941177,0.0
73.24956727027893,0.2605882352941177,0.0
73.30018830299377,0.2605882352941177,0.0
73.34961795806885,0.2605882352941177,0.0
73.40049004554749,0.2170588235294118,0.0
73.44962668418884,0.2152941176470588,0.0
73.50032019615173,0.2152941176470588,0.0
73.54963397979736,0.2152941176470588,0.0
73.60028314590454,0.2152941176470588,0.0
73.64961910247803,0.2152941176470588,0.0
73.70006680488586,0.2152941176470588,0.0
73.74963617324829,0.2152941176470588,0.0
73.80028247833252,0.2152941176470588,0.0
73.85023713111877,0.2152941176470588,0.0
73.90095543861389,0.2152941176470588,0.0
73.94975113868713,0.2152941176470588,0.0
74.00166082382202,0.2152941176470588,0.0
74.05035400390625,0.2152941176470588,0.0
74.10201048851013,0.2152941176470588,0.0
74.15074968338013,0.2152941176470588,0.0
74.20081090927124,0.2152941176470588,0.0
74.25154256820679,0.17764705882352944,0.0
74.30015921592712,0.17764705882352944,0.0
74.34947443008423,0.17764705882352944,0.0
74.40036034584045,0.17764705882352944,0.0
74.45261120796204,0.17764705882352944,0.0
74.50442028045654,0.17764705882352944,0.0
74.55165791511536,0.17764705882352944,0.0
74.60006189346313,0.17764705882352944,0.0
74.65036988258362,0.17764705882352944,0.0
74.69976735115051,0.17764705882352944,0.0
74.74987149238586,0.17764705882352944,0.0
74.80023312568665,0.17764705882352944,0.0
74.8495979309082,0.17764705882352944,0.0
74.89994859695435,0.17764705882352944,0.0
74.95134997367859,0.17764705882352944,0.0
75.00063347816467,0.17764705882352944,0.0
75.0509467124939,0.17764705882352944,0.0
75.10046935081482,0.17764705882352944,0.0
75.1497278213501,0.17764705882352944,0.0
75.2004325389862,0.17764705882352944,0.0
75.24987626075745,0.17764705882352944,0.0
75.30053520202637,0.17764705882352944,0.0
75.34957027435303,0.17764705882352944,0.0
75.40021085739136,0.17764705882352944,0.0
75.44966912269592,0.17764705882352944,0.0
75.50025081634521,0.17764705882352944,0.0
75.54957890510559,0.17764705882352944,0.0
75.60019040107727,0.17764705882352944,0.0
75.64957809448242,0.17764705882352944,0.0
75.70096158981323,0.17764705882352944,0.0
75.74955821037292,0.17764705882352944,0.0
75.8001618385315,0.17764705882352944,0.0
75.8502037525177,0.17764705882352944,0.0
75.90076303482056,0.17764705882352944,0.0
75.95070219039917,0.17764705882352944,0.0
75.99970960617065,0.17764705882352944,0.0
76.05127453804016,0.17764705882352944,0.0
76.10039854049683,0.17764705882352944,0.0
76.15267133712769,0.17764705882352944,0.0
76.20034861564636,0.17764705882352944,0.0
76.25234174728394,0.17764705882352944,0.0
76.30102324485779,0.17764705882352944,0.0
76.35064625740051,0.17764705882352944,0.0
76.40154647827148,0.17764705882352944,0.0
76.44997930526733,0.17764705882352944,0.0
76.50116419792175,0.17764705882352944,0.0
76.55127191543579,0.17764705882352944,0.0
76.60385203361511,0.17764705882352944,0.0
76.65110206604004,0.17764705882352944,0.0
76.70155239105225,0.17764705882352944,0.0
76.75154781341553,0.17764705882352944,0.0
76.80025815963745,0.17764705882352944,0.0
76.85262036323547,0.17764705882352944,0.0
76.9053246974945,0.17764705882352944,0.0
76.95052194595337,0.17764705882352944,0.0
77.00008964538574,0.17764705882352944,0.0
77.05018997192383,0.17764705882352944,0.0
77.10104131698608,0.17764705882352944,0.0
77.15168261528015,0.17764705882352944,0.0
77.20138883590698,0.17764705882352944,0.0
77.25142765045166,0.17764705882352944,0.0
77.30102634429932,0.17764705882352944,0.0
77.35127425193787,0.17764705882352944,0.0
77.40140771865845,0.17764705882352944,0.0
77.451007604599,0.17764705882352944,0.0
77.50088787078857,0.17764705882352944,0.0
77.55013537406921,0.17764705882352944,0.0
77.60025095939636,0.17764705882352944,0.0
77.65102219581604,0.17764705882352944,0.0
77.70183897018433,0.17764705882352944,0.0
77.75080013275146,0.17764705882352944,0.0
77.80143880844116,0.17764705882352944,0.0
77.85184526443481,0.17764705882352944,0.0
77.90165853500366,0.17764705882352944,0.0
77.95237445831299,0.17764705882352944,0.0
78.00014972686768,0.17764705882352944,0.0
78.05269289016724,0.17764705882352944,0.0
78.10026383399963,0.17764705882352944,0.0
78.14961123466492,0.17764705882352944,0.0
78.20010995864868,0.17764705882352944,0.0
78.24964308738708,0.17764705882352944,0.0
78.30012083053589,0.17764705882352944,0.0
78.34958148002625,0.17764705882352944,0.0
78.40029120445251,0.17764705882352944,0.0
78.44960880279541,0.17764705882352944,0.0
78.50009536743164,0.17764705882352944,0.0
78.54963064193726,0.17764705882352944,0.0
78.60029435157776,0.17764705882352944,0.0
78.64964962005615,0.17764705882352944,0.0
78.7008843421936,0.17764705882352944,0.0
78.74957966804504,0.17764705882352944,0.0
78.80003452301025,0.17764705882352944,0.0
78.85018634796143,0.17764705882352944,0.0
78.9004979133606,0.17764705882352944,0.0
78.94986271858215,0.17764705882352944,0.0
79.0013964176178,0.17764705882352944,0.0
79.05032134056091,0.17764705882352944,0.0
79.09962868690491,0.17764705882352944,0.0
79.15002131462097,0.17764705882352944,0.0
79.19964456558228,0.17764705882352944,0.0
79.25032877922058,0.17764705882352944,0.0
79.30053639411926,0.17764705882352944,0.0
79.35061025619507,0.17764705882352944,0.0
79.39951372146606,0.17764705882352944,0.0
79.45019769668579,0.17764705882352944,0.0
79.49959135055542,0.17764705882352944,0.0
79.55001258850098,0.17764705882352944,0.0
79.60024309158325,0.17764705882352944,0.0
79.6502091884613,0.17764705882352944,0.0
79.70022344589233,0.17764705882352944,0.0
79.74959349632263,0.17764705882352944,0.0
79.80006623268127,0.17764705882352944,0.0
79.85032200813293,0.17764705882352944,0.0
79.90031599998474,0.17764705882352944,0.0
79.949636220932,0.17764705882352944,0.0
80.00011348724365,0.17764705882352944,0.0
80.05023980140686,0.17764705882352944,0.0
80.10031819343567,0.17764705882352944,0.0
80.149653673172,0.17764705882352944,0.0
80.20008540153503,0.17764705882352944,0.0
80.24965620040894,0.17764705882352944,0.0
80.30011463165283,0.17764705882352944,0.0
80.34961795806885,0.17764705882352944,0.0
80.40030145645142,0.17764705882352944,0.0
80.44960260391235,0.17764705882352944,0.0
80.50008416175842,0.17764705882352944,0.0
80.54960918426514,0.17764705882352944,0.0
80.60025930404663,0.17764705882352944,0.0
80.64966869354248,0.17764705882352944,0.0
80.70009565353394,0.17764705882352944,0.0
80.7496452331543,0.17764705882352944,0.0
80.80104422569275,0.17764705882352944,0.0
80.85019659996033,0.17764705882352944,0.0
80.9020516872406,0.17764705882352944,0.0
80.95203804969788,0.17764705882352944,0.0
81.00030207633972,0.17764705882352944,0.0
81.0502278804779,0.17764705882352944,0.0
81.10024809837341,0.17764705882352944,0.0
81.14959001541138,0.17764705882352944,0.0
81.2001702785492,0.17764705882352944,0.0
81.24967312812805,0.17764705882352944,0.0
81.30015134811401,0.17764705882352944,0.0
81.34958362579346,0.17764705882352944,0.0
81.40028691291809,0.17764705882352944,0.0
81.44989919662476,0.17764705882352944,0.0
81.50034713745117,0.17764705882352944,0.0
81.5507173538208,0.17764705882352944,0.0
81.60105061531067,0.17764705882352944,0.0
81.65445280075073,0.1935294117647059,0.0
81.70026469230652,0.19529411764705878,0.0
81.75020551681519,0.15764705882352945,0.0
81.8004801273346,0.1635294117647059,0.0
81.85108375549316,0.1635294117647059,0.0
81.9037594795227,0.1635294117647059,0.0
81.95056486129761,0.12588235294117645,0.0
82.00199031829834,0.12588235294117645,0.0
82.05050492286682,0.10588235294117643,0.0
82.09970545768738,0.11764705882352944,0.0
82.15042042732239,0.11764705882352944,0.0
82.20070433616638,0.11764705882352944,0.0
82.25139045715332,0.11764705882352944,0.0
82.3006501197815,0.1335294117647059,0.0
82.3512191772461,0.0,0.0
82.40095019340515,0.0,0.0
82.4516065120697,0.0,0.0
82.50126814842224,0.0,0.0
82.5506010055542,0.0,0.0
82.60768175125122,0.0,0.0
82.65024781227112,0.0,0.0
82.7013897895813,0.0,0.0
82.75002312660217,0.0,0.0
82.8011679649353,0.0,0.0
82.85032796859741,0.0,0.0
82.90502309799194,0.0,0.0
82.95265054702759,0.0,0.15
83.00246214866638,0.0,0.15
83.05236291885376,0.0,0.15
83.1010377407074,0.0,0.15
83.15171551704407,0.0,0.15
83.20175313949585,0.0,0.15
83.25077438354492,0.0,0.15
83.29974746704102,0.0,0.15
83.34967756271362,0.0,0.15
83.39951395988464,0.0,0.15
83.450612783432,0.0,0.15
83.4997251033783,0.0,0.15
83.54971480369568,0.0,0.15
83.59984946250916,0.0,0.15
83.64972257614136,0.0,0.15
83.69985294342041,0.0,0.15
83.75041937828064,0.0,0.15
83.79969453811646,0.0,0.15
83.84968614578247,0.0,0.15
83.9003210067749,0.0,0.15
83.9504132270813,0.0,0.15
84.00372195243835,0.0,0.15
84.05035972595215,0.0,0.15
84.09979844093323,0.0,0.15
84.14966869354248,0.0,0.15
84.19989848136902,0.0,0.15
84.24995708465576,0.0,0.15
84.30016255378723,0.0,0.15
84.35073328018188,0.0,0.15
84.3997209072113,0.0,0.15
84.44967007637024,0.0,0.15
84.49994087219238,0.0,0.15
84.54968404769897,0.0,0.15
84.60014772415161,0.0,0.15
84.65096640586853,0.0,0.15
84.69973754882812,0.0,0.15
84.74959015846252,0.0,0.15
84.79971480369568,0.0,0.15
84.84968256950378,0.0,0.15
84.89997553825378,0.0,0.15
84.95093536376953,0.0,0.15
85.00200009346008,0.0,0.15
85.05033898353577,0.0,0.15
85.1002402305603,0.0,0.15
85.14975380897522,0.0,0.15
85.20106625556946,0.0,0.15
85.24978756904602,0.0,0.15
85.30053544044495,0.0,0.15
85.34973502159119,0.0,0.15
85.40055513381958,0.0,0.15
85.44975876808167,0.0,0.15
85.50067591667175,0.0,0.15
85.54975295066833,0.0,0.15
85.60018277168274,0.0,0.15
85.65003418922424,0.0,0.15
85.70048713684082,0.0,0.15
85.75066375732422,0.0,0.15
85.80049633979797,0.0,0.15
85.85034942626953,0.0,0.15
85.90046548843384,0.0,0.15
85.94970464706421,0.0,0.15
86.00069642066956,0.0,0.15
86.05024766921997,0.0,0.15
86.10053157806396,0.0,0.15
86.14974808692932,0.0,0.15
86.20033502578735,0.0,0.15
86.24996209144592,0.0,0.15
86.30077838897705,0.0,0.15
86.34971308708191,0.0,0.15
86.40013813972473,0.0,0.15
86.44973301887512,0.0,0.15
86.5005476474762,0.0,0.15
86.54969668388367,0.0,0.15
86.60051012039185,0.0,0.15
86.64971971511841,0.0,0.15
86.70018482208252,0.0,0.15
86.74972128868103,0.0,0.15
86.80050873756409,0.0,0.15
86.85082721710205,0.0,0.15
86.90036988258362,0.0,0.15
86.95073413848877,0.0,0.15
87.00071573257446,0.0,0.15
87.05461025238037,0.0,0.15
87.10021138191223,0.0,0.15
87.15018892288208,0.0,0.15
87.20046734809875,0.0,0.15
87.25227642059326,0.0,0.15
87.30056023597717,0.0,0.15
87.34987282752991,0.0,0.15
87.40032291412354,0.0,0.15
87.44986653327942,0.0,0.15
87.5005362033844,0.0,0.15
87.54987859725952,0.0,0.15
87.60054183006287,0.0,0.15
87.64990162849426,0.0,0.15
87.7002866268158,0.0,0.15
87.74946236610413,0.0,0.15
87.80030822753906,0.0,0.15
87.85107207298279,0.0,0.15
87.90244746208191,0.0,0.15
87.94972896575928,0.0,0.15
88.00078392028809,0.0,0.15
88.05172538757324,0.0,0.15
88.10069561004639,0.0,0.15
88.15247225761414,0.0,0.15
88.20023345947266,0.0,0.15
88.24972486495972,0.0,0.15
88.3004379272461,0.0,0.15
88.34972524642944,0.0,0.15
88.40109133720398,0.0,0.15
88.44971632957458,0.0,0.15
88.50039672851562,0.0,0.15
88.54970145225525,0.0,0.15
88.60044860839844,0.0,0.15
88.64972376823425,0.0,0.15
88.70036244392395,0.0,0.15
88.74970316886902,0.0,0.15
88.80042481422424,0.0,0.15
88.85041570663452,0.0,0.15
88.90164685249329,0.0,0.15
88.94987154006958,0.0,0.15
89.00066041946411,0.0,0.15
89.05019187927246,0.0,0.15
89.0997679233551,0.0,0.15
89.15027832984924,0.0,0.15
89.20042133331299,0.0,0.15
89.25066208839417,0.0,0.15
89.30017566680908,0.0,0.15
89.34973788261414,0.0,0.15
89.40026688575745,0.0,0.15
89.44972681999207,0.0,0.15
89.5002031326294,0.0,0.15
89.54974150657654,0.0,0.15
89.60046648979187,0.0,0.15
89.64975643157959,0.0,0.15
89.70009851455688,0.0,0.15
89.74974822998047,0.0,0.15
89.80019927024841,0.0,0.15
89.85080909729004,0.0,0.15
89.90050458908081,0.0,0.15
89.94969964027405,0.0,0.15
90.00004649162292,0.0,0.15
90.04970121383667,0.0,0.15
90.10010051727295,0.0,0.15
90.14981746673584,0.0,0.15
90.20056653022766,0.0,0.15
90.2498071193695,0.0,0.15
90.30033588409424,0.0,0.15
90.34974694252014,0.0,0.15
90.40009236335754,0.0,0.15
90.44982171058655,0.0,0.15
90.50130534172058,0.0,0.15
90.5503933429718,0.0,0.15
90.59985852241516,0.0,0.15
90.65028977394104,0.0,0.15
90.70025539398193,0.0,0.15
90.75121903419495,0.0,0.15
90.80101752281189,0.0,0.15
90.85039496421814,0.0,0.15
90.90106511116028,0.0,0.15
90.94976115226746,0.0,0.15
91.00033402442932,0.0,0.15
91.0497498512268,0.0,0.15
91.10037398338318,0.0,0.15
91.14998078346252,0.0,0.15
91.20020914077759,0.0,0.15
91.24996018409729,0.0,0.15
91.30040979385376,0.0,0.15
91.34975600242615,0.0,0.15
91.4001624584198,0.0,0.15
91.45023488998413,0.0,0.15
91.50071430206299,0.0,0.15
91.55151987075806,0.0,0.15
91.6020610332489,0.0,0.15
91.65414237976074,0.0,0.15
91.70368647575378,0.0,0.15
91.7518253326416,0.0,0.15
91.80051779747009,0.0,0.15
91.85045027732849,0.0,0.15
91.90776038169861,0.0,0.15
91.9514229297638,0.0,0.15
92.00322079658508,0.0,0.15
92.05165958404541,0.0,0.15
92.10114336013794,0.0,0.15
92.15171337127686,0.0,0.15
92.20484781265259,0.0,0.15
92.25050210952759,0.0,0.15
92.30427289009094,0.0,0.15
92.35051345825195,0.0,0.15
92.40453243255615,0.0,0.15
92.4499123096466,0.0,0.15
92.50139355659485,0.0,0.15
92.55295729637146,0.0,0.15
92.60307741165161,0.0,0.15
92.64989900588989,0.0,0.15
92.70151615142822,0.0,0.15
92.75041651725769,0.0,0.15
92.80078458786011,0.0,0.15
92.85033440589905,0.0,0.15
92.90007066726685,0.0,0.15
92.95195126533508,0.0,0.15
93.00079870223999,0.0,0.15
93.04988741874695,0.0,0.15
93.10089254379272,0.0,0.15
93.15254306793213,0.0,0.15
93.20465350151062,0.0,0.15
93.2510781288147,0.0,0.15
93.30080032348633,0.0,0.15
93.35058450698853,0.0,0.15
93.39972066879272,0.0,0.15
93.44966316223145,0.0,0.15
93.50061678886414,0.0,0.15
93.55209803581238,0.0,0.15
93.60062623023987,0.0,0.15
93.65057730674744,0.0,0.15
93.70028901100159,0.0,0.15
93.74997401237488,0.0,0.15
93.79987025260925,0.0,0.15
93.85279774665833,0.0,0.15
93.90993928909302,0.0,0.15
93.95375227928162,0.0,0.15
94.00706315040588,0.0,0.15
94.05590534210205,0.0,0.15
94.10053086280823,0.0,0.15
94.15257000923157,0.0,0.15
94.20445227622986,0.0,0.15
94.25627398490906,0.0,0.15
94.30116415023804,0.0,0.15
94.35133004188538,0.0,0.15
94.40093922615051,0.0,0.15
94.44997978210449,0.0,0.15
94.50033187866211,0.0,0.15
94.55181217193604,0.0,0.15
94.599942445755,0.0,0.15
94.64988732337952,0.0,0.15
94.69972085952759,0.0,0.15
94.75147819519043,0.0,0.15
94.80191159248352,0.0,0.15
94.85196304321289,0.0,0.15
94.90035700798035,0.0,0.15
94.94970726966858,0.0,0.15
94.99968695640564,0.0,0.15
95.05036449432373,0.0,0.15
95.10076880455017,0.0,0.15
95.14983749389648,0.0,0.15
95.19972562789917,0.0,0.15
95.2497022151947,0.0,0.15
95.29972338676453,0.0,0.15
95.3498432636261,0.0,0.15
95.4003472328186,0.0,0.15
95.45068025588989,0.0,0.15
95.50145363807678,0.0,0.15
95.54967021942139,0.0,0.15
95.59968400001526,0.0,0.15
95.64962601661682,0.0,0.15
95.6997458934784,0.0,0.15
95.75054574012756,0.0,0.15
95.80025458335876,0.0,0.15
95.8498044013977,0.0,0.15
95.90074563026428,0.0,0.15
95.95068764686584,0.0,0.15
96.00375413894653,0.0,0.15
96.05014753341675,0.0,0.15
96.09983921051025,0.0,0.15
96.15104460716248,0.0,0.15
96.19970917701721,0.0,0.15
96.25055956840515,0.0,0.15
96.30048298835754,0.0,0.15
96.35040426254272,0.0,0.15
96.40068316459656,0.0,0.15
96.44984793663025,0.0,0.15
96.50087022781372,0.0,0.15
96.55037069320679,0.0,0.15
96.60137939453125,0.0,0.15
96.65057110786438,0.0,0.15
96.69998049736023,0.0,0.15
96.74987530708313,0.0,0.15
96.79973292350769,0.0,0.15
96.84966278076172,0.0,0.15
96.89980483055115,0.0,0.15
96.95010948181152,0.0,0.15
97.00061202049255,0.0,0.15
97.04977607727051,0.0,0.15
97.10039925575256,0.0,0.15
97.14990282058716,0.0,0.15
97.19971203804016,0.0,0.15
97.2495219707489,0.0,0.15
97.30046582221985,0.0,0.15
97.34967565536499,0.0,0.15
97.3998851776123,0.0,0.15
97.44973492622375,0.0,0.15
97.50050210952759,0.0,0.15
97.55117392539978,0.0,0.15
97.60049796104431,0.0,0.15
97.65017509460449,0.0,0.15
97.70025396347046,0.0,0.15
97.74968695640564,0.0,0.15
97.79984450340271,0.0,0.15
97.85051822662354,0.0,0.15
97.90052390098572,0.0,0.15
97.95045161247253,0.0,0.15
98.00044775009155,0.0,0.15
98.0518479347229,0.0,0.15
98.1008894443512,0.0,0.15
98.15039253234863,0.0,0.15
98.20032167434692,0.0,0.15
98.24970388412476,0.0,0.15
98.30043840408325,0.0,0.15
98.3505072593689,0.0,0.15
98.4006118774414,0.0,0.15
98.450510263443,0.0,0.15
98.50165152549744,0.0,0.15
